,HierarchyLevel,CategoryName,CategoryId,Level1,Level2,Level3,Level4,Level5
0,1,Arts & Entertainment,4d4b7104d754a06370d81259,Arts & Entertainment,,,,
1,2,Amphitheater,56aa371be4b08b9a8d5734db,Arts & Entertainment,Amphitheater,,,
2,2,Aquarium,4fceea171983d5d06c3e9823,Arts & Entertainment,Aquarium,,,
3,2,Arcade,4bf58dd8d48988d1e1931735,Arts & Entertainment,Arcade,,,
4,2,Art Gallery,4bf58dd8d48988d1e2931735,Arts & Entertainment,Art Gallery,,,
5,2,Bowling Alley,4bf58dd8d48988d1e4931735,Arts & Entertainment,Bowling Alley,,,
6,2,Casino,4bf58dd8d48988d17c941735,Arts & Entertainment,Casino,,,
7,2,Circus,52e81612bcbc57f1066b79e7,Arts & Entertainment,Circus,,,
8,2,Comedy Club,4bf58dd8d48988d18e941735,Arts & Entertainment,Comedy Club,,,
9,2,Concert Hall,5032792091d4c4b30a586d5c,Arts & Entertainment,Concert Hall,,,
10,2,Country Dance Club,52e81612bcbc57f1066b79ef,Arts & Entertainment,Country Dance Club,,,
11,2,Disc Golf,52e81612bcbc57f1066b79e8,Arts & Entertainment,Disc Golf,,,
12,2,Exhibit,56aa371be4b08b9a8d573532,Arts & Entertainment,Exhibit,,,
13,2,General Entertainment,4bf58dd8d48988d1f1931735,Arts & Entertainment,General Entertainment,,,
14,2,Go Kart Track,52e81612bcbc57f1066b79ea,Arts & Entertainment,Go Kart Track,,,
15,2,Historic Site,4deefb944765f83613cdba6e,Arts & Entertainment,Historic Site,,,
16,2,Karaoke Box,5744ccdfe4b0c0459246b4bb,Arts & Entertainment,Karaoke Box,,,
17,2,Laser Tag,52e81612bcbc57f1066b79e6,Arts & Entertainment,Laser Tag,,,
18,2,Memorial Site,5642206c498e4bfca532186c,Arts & Entertainment,Memorial Site,,,
19,2,Mini Golf,52e81612bcbc57f1066b79eb,Arts & Entertainment,Mini Golf,,,
20,2,Movie Theater,4bf58dd8d48988d17f941735,Arts & Entertainment,Movie Theater,,,
21,3,Drive-in Theater,56aa371be4b08b9a8d5734de,Arts & Entertainment,Movie Theater,Drive-in Theater,,
22,3,Indie Movie Theater,4bf58dd8d48988d17e941735,Arts & Entertainment,Movie Theater,Indie Movie Theater,,
23,3,Multiplex,4bf58dd8d48988d180941735,Arts & Entertainment,Movie Theater,Multiplex,,
24,2,Museum,4bf58dd8d48988d181941735,Arts & Entertainment,Museum,,,
25,3,Art Museum,4bf58dd8d48988d18f941735,Arts & Entertainment,Museum,Art Museum,,
26,3,Erotic Museum,559acbe0498e472f1a53fa23,Arts & Entertainment,Museum,Erotic Museum,,
27,3,History Museum,4bf58dd8d48988d190941735,Arts & Entertainment,Museum,History Museum,,
28,3,Planetarium,4bf58dd8d48988d192941735,Arts & Entertainment,Museum,Planetarium,,
29,3,Science Museum,4bf58dd8d48988d191941735,Arts & Entertainment,Museum,Science Museum,,
30,2,Music Venue,4bf58dd8d48988d1e5931735,Arts & Entertainment,Music Venue,,,
31,3,Jazz Club,4bf58dd8d48988d1e7931735,Arts & Entertainment,Music Venue,Jazz Club,,
32,3,Piano Bar,4bf58dd8d48988d1e8931735,Arts & Entertainment,Music Venue,Piano Bar,,
33,3,Rock Club,4bf58dd8d48988d1e9931735,Arts & Entertainment,Music Venue,Rock Club,,
34,2,Pachinko Parlor,5744ccdfe4b0c0459246b4b8,Arts & Entertainment,Pachinko Parlor,,,
35,2,Performing Arts Venue,4bf58dd8d48988d1f2931735,Arts & Entertainment,Performing Arts Venue,,,
36,3,Dance Studio,4bf58dd8d48988d134941735,Arts & Entertainment,Performing Arts Venue,Dance Studio,,
37,3,Indie Theater,4bf58dd8d48988d135941735,Arts & Entertainment,Performing Arts Venue,Indie Theater,,
38,3,Opera House,4bf58dd8d48988d136941735,Arts & Entertainment,Performing Arts Venue,Opera House,,
39,3,Theater,4bf58dd8d48988d137941735,Arts & Entertainment,Performing Arts Venue,Theater,,
40,2,Pool Hall,4bf58dd8d48988d1e3931735,Arts & Entertainment,Pool Hall,,,
41,2,Public Art,507c8c4091d498d9fc8c67a9,Arts & Entertainment,Public Art,,,
42,3,Outdoor Sculpture,52e81612bcbc57f1066b79ed,Arts & Entertainment,Public Art,Outdoor Sculpture,,
43,3,Street Art,52e81612bcbc57f1066b79ee,Arts & Entertainment,Public Art,Street Art,,
44,2,Racecourse,56aa371be4b08b9a8d573514,Arts & Entertainment,Racecourse,,,
45,2,Racetrack,4bf58dd8d48988d1f4931735,Arts & Entertainment,Racetrack,,,
46,2,Roller Rink,52e81612bcbc57f1066b79e9,Arts & Entertainment,Roller Rink,,,
47,2,Salsa Club,52e81612bcbc57f1066b79ec,Arts & Entertainment,Salsa Club,,,
48,2,Samba School,56aa371be4b08b9a8d5734f9,Arts & Entertainment,Samba School,,,
49,2,Stadium,4bf58dd8d48988d184941735,Arts & Entertainment,Stadium,,,
50,3,Baseball Stadium,4bf58dd8d48988d18c941735,Arts & Entertainment,Stadium,Baseball Stadium,,
51,3,Basketball Stadium,4bf58dd8d48988d18b941735,Arts & Entertainment,Stadium,Basketball Stadium,,
52,3,Cricket Ground,4bf58dd8d48988d18a941735,Arts & Entertainment,Stadium,Cricket Ground,,
53,3,Football Stadium,4bf58dd8d48988d189941735,Arts & Entertainment,Stadium,Football Stadium,,
54,3,Hockey Arena,4bf58dd8d48988d185941735,Arts & Entertainment,Stadium,Hockey Arena,,
55,3,Rugby Stadium,56aa371be4b08b9a8d573556,Arts & Entertainment,Stadium,Rugby Stadium,,
56,3,Soccer Stadium,4bf58dd8d48988d188941735,Arts & Entertainment,Stadium,Soccer Stadium,,
57,3,Tennis Stadium,4e39a891bd410d7aed40cbc2,Arts & Entertainment,Stadium,Tennis Stadium,,
58,3,Track Stadium,4bf58dd8d48988d187941735,Arts & Entertainment,Stadium,Track Stadium,,
59,2,Theme Park,4bf58dd8d48988d182941735,Arts & Entertainment,Theme Park,,,
60,3,Theme Park Ride / Attraction,5109983191d435c0d71c2bb1,Arts & Entertainment,Theme Park,Theme Park Ride / Attraction,,
61,2,Tour Provider,56aa371be4b08b9a8d573520,Arts & Entertainment,Tour Provider,,,
62,2,Water Park,4bf58dd8d48988d193941735,Arts & Entertainment,Water Park,,,
63,2,Zoo,4bf58dd8d48988d17b941735,Arts & Entertainment,Zoo,,,
64,3,Zoo Exhibit,58daa1558bbb0b01f18ec1fd,Arts & Entertainment,Zoo,Zoo Exhibit,,
65,1,College & University,4d4b7105d754a06372d81259,College & University,,,,
66,2,College Academic Building,4bf58dd8d48988d198941735,College & University,College Academic Building,,,
67,3,College Arts Building,4bf58dd8d48988d199941735,College & University,College Academic Building,College Arts Building,,
68,3,College Communications Building,4bf58dd8d48988d19a941735,College & University,College Academic Building,College Communications Building,,
69,3,College Engineering Building,4bf58dd8d48988d19e941735,College & University,College Academic Building,College Engineering Building,,
70,3,College History Building,4bf58dd8d48988d19d941735,College & University,College Academic Building,College History Building,,
71,3,College Math Building,4bf58dd8d48988d19c941735,College & University,College Academic Building,College Math Building,,
72,3,College Science Building,4bf58dd8d48988d19b941735,College & University,College Academic Building,College Science Building,,
73,3,College Technology Building,4bf58dd8d48988d19f941735,College & University,College Academic Building,College Technology Building,,
74,2,College Administrative Building,4bf58dd8d48988d197941735,College & University,College Administrative Building,,,
75,2,College Auditorium,4bf58dd8d48988d1af941735,College & University,College Auditorium,,,
76,2,College Bookstore,4bf58dd8d48988d1b1941735,College & University,College Bookstore,,,
77,2,College Cafeteria,4bf58dd8d48988d1a1941735,College & University,College Cafeteria,,,
78,2,College Classroom,4bf58dd8d48988d1a0941735,College & University,College Classroom,,,
79,2,College Gym,4bf58dd8d48988d1b2941735,College & University,College Gym,,,
80,2,College Lab,4bf58dd8d48988d1a5941735,College & University,College Lab,,,
81,2,College Library,4bf58dd8d48988d1a7941735,College & University,College Library,,,
82,2,College Quad,4bf58dd8d48988d1aa941735,College & University,College Quad,,,
83,2,College Rec Center,4bf58dd8d48988d1a9941735,College & University,College Rec Center,,,
84,2,College Residence Hall,4bf58dd8d48988d1a3941735,College & University,College Residence Hall,,,
85,2,College Stadium,4bf58dd8d48988d1b4941735,College & University,College Stadium,,,
86,3,College Baseball Diamond,4bf58dd8d48988d1bb941735,College & University,College Stadium,College Baseball Diamond,,
87,3,College Basketball Court,4bf58dd8d48988d1ba941735,College & University,College Stadium,College Basketball Court,,
88,3,College Cricket Pitch,4bf58dd8d48988d1b9941735,College & University,College Stadium,College Cricket Pitch,,
89,3,College Football Field,4bf58dd8d48988d1b8941735,College & University,College Stadium,College Football Field,,
90,3,College Hockey Rink,4bf58dd8d48988d1b5941735,College & University,College Stadium,College Hockey Rink,,
91,3,College Soccer Field,4bf58dd8d48988d1b7941735,College & University,College Stadium,College Soccer Field,,
92,3,College Tennis Court,4e39a9cebd410d7aed40cbc4,College & University,College Stadium,College Tennis Court,,
93,3,College Track,4bf58dd8d48988d1b6941735,College & University,College Stadium,College Track,,
94,2,College Theater,4bf58dd8d48988d1ac941735,College & University,College Theater,,,
95,2,Community College,4bf58dd8d48988d1a2941735,College & University,Community College,,,
96,2,Fraternity House,4bf58dd8d48988d1b0941735,College & University,Fraternity House,,,
97,2,General College & University,4bf58dd8d48988d1a8941735,College & University,General College & University,,,
98,2,Law School,4bf58dd8d48988d1a6941735,College & University,Law School,,,
99,2,Medical School,4bf58dd8d48988d1b3941735,College & University,Medical School,,,
100,2,Sorority House,4bf58dd8d48988d141941735,College & University,Sorority House,,,
101,2,Student Center,4bf58dd8d48988d1ab941735,College & University,Student Center,,,
102,2,Trade School,4bf58dd8d48988d1ad941735,College & University,Trade School,,,
103,2,University,4bf58dd8d48988d1ae941735,College & University,University,,,
104,1,Event,4d4b7105d754a06373d81259,Event,,,,
105,2,Christmas Market,52f2ab2ebcbc57f1066b8b3b,Event,Christmas Market,,,
106,2,Conference,5267e4d9e4b0ec79466e48c6,Event,Conference,,,
107,2,Convention,5267e4d9e4b0ec79466e48c9,Event,Convention,,,
108,2,Festival,5267e4d9e4b0ec79466e48c7,Event,Festival,,,
109,2,Line / Queue,58daa1558bbb0b01f18ec1fa,Event,Line / Queue,,,
110,2,Music Festival,5267e4d9e4b0ec79466e48d1,Event,Music Festival,,,
111,2,Other Event,5267e4d9e4b0ec79466e48c8,Event,Other Event,,,
112,2,Parade,52741d85e4b0d5d1e3c6a6d9,Event,Parade,,,
113,2,Sporting Event,5bae9231bedf3950379f89c5,Event,Sporting Event,,,
114,2,Stoop Sale,52f2ab2ebcbc57f1066b8b54,Event,Stoop Sale,,,
115,2,Street Fair,5267e4d8e4b0ec79466e48c5,Event,Street Fair,,,
116,2,Trade Fair,5bae9231bedf3950379f89c3,Event,Trade Fair,,,
117,1,Food,4d4b7105d754a06374d81259,Food,,,,
118,2,Afghan Restaurant,503288ae91d4c4b30a586d67,Food,Afghan Restaurant,,,
119,2,African Restaurant,4bf58dd8d48988d1c8941735,Food,African Restaurant,,,
120,3,Ethiopian Restaurant,4bf58dd8d48988d10a941735,Food,African Restaurant,Ethiopian Restaurant,,
121,2,American Restaurant,4bf58dd8d48988d14e941735,Food,American Restaurant,,,
122,3,New American Restaurant,4bf58dd8d48988d157941735,Food,American Restaurant,New American Restaurant,,
123,2,Asian Restaurant,4bf58dd8d48988d142941735,Food,Asian Restaurant,,,
124,3,Burmese Restaurant,56aa371be4b08b9a8d573568,Food,Asian Restaurant,Burmese Restaurant,,
125,3,Cambodian Restaurant,52e81612bcbc57f1066b7a03,Food,Asian Restaurant,Cambodian Restaurant,,
126,3,Chinese Restaurant,4bf58dd8d48988d145941735,Food,Asian Restaurant,Chinese Restaurant,,
127,4,Anhui Restaurant,52af3a5e3cf9994f4e043bea,Food,Asian Restaurant,Chinese Restaurant,Anhui Restaurant,
128,4,Beijing Restaurant,52af3a723cf9994f4e043bec,Food,Asian Restaurant,Chinese Restaurant,Beijing Restaurant,
129,4,Cantonese Restaurant,52af3a7c3cf9994f4e043bed,Food,Asian Restaurant,Chinese Restaurant,Cantonese Restaurant,
130,4,Cha Chaan Teng,58daa1558bbb0b01f18ec1d3,Food,Asian Restaurant,Chinese Restaurant,Cha Chaan Teng,
131,4,Chinese Aristocrat Restaurant,52af3a673cf9994f4e043beb,Food,Asian Restaurant,Chinese Restaurant,Chinese Aristocrat Restaurant,
132,4,Chinese Breakfast Place,52af3a903cf9994f4e043bee,Food,Asian Restaurant,Chinese Restaurant,Chinese Breakfast Place,
133,4,Dim Sum Restaurant,4bf58dd8d48988d1f5931735,Food,Asian Restaurant,Chinese Restaurant,Dim Sum Restaurant,
134,4,Dongbei Restaurant,52af3a9f3cf9994f4e043bef,Food,Asian Restaurant,Chinese Restaurant,Dongbei Restaurant,
135,4,Fujian Restaurant,52af3aaa3cf9994f4e043bf0,Food,Asian Restaurant,Chinese Restaurant,Fujian Restaurant,
136,4,Guizhou Restaurant,52af3ab53cf9994f4e043bf1,Food,Asian Restaurant,Chinese Restaurant,Guizhou Restaurant,
137,4,Hainan Restaurant,52af3abe3cf9994f4e043bf2,Food,Asian Restaurant,Chinese Restaurant,Hainan Restaurant,
138,4,Hakka Restaurant,52af3ac83cf9994f4e043bf3,Food,Asian Restaurant,Chinese Restaurant,Hakka Restaurant,
139,4,Henan Restaurant,52af3ad23cf9994f4e043bf4,Food,Asian Restaurant,Chinese Restaurant,Henan Restaurant,
140,4,Hong Kong Restaurant,52af3add3cf9994f4e043bf5,Food,Asian Restaurant,Chinese Restaurant,Hong Kong Restaurant,
141,4,Huaiyang Restaurant,52af3af23cf9994f4e043bf7,Food,Asian Restaurant,Chinese Restaurant,Huaiyang Restaurant,
142,4,Hubei Restaurant,52af3ae63cf9994f4e043bf6,Food,Asian Restaurant,Chinese Restaurant,Hubei Restaurant,
143,4,Hunan Restaurant,52af3afc3cf9994f4e043bf8,Food,Asian Restaurant,Chinese Restaurant,Hunan Restaurant,
144,4,Imperial Restaurant,52af3b053cf9994f4e043bf9,Food,Asian Restaurant,Chinese Restaurant,Imperial Restaurant,
145,4,Jiangsu Restaurant,52af3b213cf9994f4e043bfa,Food,Asian Restaurant,Chinese Restaurant,Jiangsu Restaurant,
146,4,Jiangxi Restaurant,52af3b293cf9994f4e043bfb,Food,Asian Restaurant,Chinese Restaurant,Jiangxi Restaurant,
147,4,Macanese Restaurant,52af3b343cf9994f4e043bfc,Food,Asian Restaurant,Chinese Restaurant,Macanese Restaurant,
148,4,Manchu Restaurant,52af3b3b3cf9994f4e043bfd,Food,Asian Restaurant,Chinese Restaurant,Manchu Restaurant,
149,4,Peking Duck Restaurant,52af3b463cf9994f4e043bfe,Food,Asian Restaurant,Chinese Restaurant,Peking Duck Restaurant,
150,4,Shaanxi Restaurant,52af3b633cf9994f4e043c01,Food,Asian Restaurant,Chinese Restaurant,Shaanxi Restaurant,
151,4,Shandong Restaurant,52af3b513cf9994f4e043bff,Food,Asian Restaurant,Chinese Restaurant,Shandong Restaurant,
152,4,Shanghai Restaurant,52af3b593cf9994f4e043c00,Food,Asian Restaurant,Chinese Restaurant,Shanghai Restaurant,
153,4,Shanxi Restaurant,52af3b6e3cf9994f4e043c02,Food,Asian Restaurant,Chinese Restaurant,Shanxi Restaurant,
154,4,Szechuan Restaurant,52af3b773cf9994f4e043c03,Food,Asian Restaurant,Chinese Restaurant,Szechuan Restaurant,
155,4,Taiwanese Restaurant,52af3b813cf9994f4e043c04,Food,Asian Restaurant,Chinese Restaurant,Taiwanese Restaurant,
156,4,Tianjin Restaurant,52af3b893cf9994f4e043c05,Food,Asian Restaurant,Chinese Restaurant,Tianjin Restaurant,
157,4,Xinjiang Restaurant,52af3b913cf9994f4e043c06,Food,Asian Restaurant,Chinese Restaurant,Xinjiang Restaurant,
158,4,Yunnan Restaurant,52af3b9a3cf9994f4e043c07,Food,Asian Restaurant,Chinese Restaurant,Yunnan Restaurant,
159,4,Zhejiang Restaurant,52af3ba23cf9994f4e043c08,Food,Asian Restaurant,Chinese Restaurant,Zhejiang Restaurant,
160,3,Filipino Restaurant,4eb1bd1c3b7b55596b4a748f,Food,Asian Restaurant,Filipino Restaurant,,
161,3,Himalayan Restaurant,52e81612bcbc57f1066b79fb,Food,Asian Restaurant,Himalayan Restaurant,,
162,3,Hotpot Restaurant,52af0bd33cf9994f4e043bdd,Food,Asian Restaurant,Hotpot Restaurant,,
163,3,Indonesian Restaurant,4deefc054765f83613cdba6f,Food,Asian Restaurant,Indonesian Restaurant,,
164,4,Acehnese Restaurant,52960eda3cf9994f4e043ac9,Food,Asian Restaurant,Indonesian Restaurant,Acehnese Restaurant,
165,4,Balinese Restaurant,52960eda3cf9994f4e043acb,Food,Asian Restaurant,Indonesian Restaurant,Balinese Restaurant,
166,4,Betawinese Restaurant,52960eda3cf9994f4e043aca,Food,Asian Restaurant,Indonesian Restaurant,Betawinese Restaurant,
167,4,Indonesian Meatball Place,52960eda3cf9994f4e043acc,Food,Asian Restaurant,Indonesian Restaurant,Indonesian Meatball Place,
168,4,Javanese Restaurant,52960eda3cf9994f4e043ac7,Food,Asian Restaurant,Indonesian Restaurant,Javanese Restaurant,
169,4,Manadonese Restaurant,52960eda3cf9994f4e043ac8,Food,Asian Restaurant,Indonesian Restaurant,Manadonese Restaurant,
170,4,Padangnese Restaurant,52960eda3cf9994f4e043ac5,Food,Asian Restaurant,Indonesian Restaurant,Padangnese Restaurant,
171,4,Sundanese Restaurant,52960eda3cf9994f4e043ac6,Food,Asian Restaurant,Indonesian Restaurant,Sundanese Restaurant,
172,3,Japanese Restaurant,4bf58dd8d48988d111941735,Food,Asian Restaurant,Japanese Restaurant,,
173,4,Donburi Restaurant,55a59bace4b013909087cb0c,Food,Asian Restaurant,Japanese Restaurant,Donburi Restaurant,
174,4,Japanese Curry Restaurant,55a59bace4b013909087cb30,Food,Asian Restaurant,Japanese Restaurant,Japanese Curry Restaurant,
175,4,Kaiseki Restaurant,55a59bace4b013909087cb21,Food,Asian Restaurant,Japanese Restaurant,Kaiseki Restaurant,
176,4,Kushikatsu Restaurant,55a59bace4b013909087cb06,Food,Asian Restaurant,Japanese Restaurant,Kushikatsu Restaurant,
177,4,Monjayaki Restaurant,55a59bace4b013909087cb1b,Food,Asian Restaurant,Japanese Restaurant,Monjayaki Restaurant,
178,4,Nabe Restaurant,55a59bace4b013909087cb1e,Food,Asian Restaurant,Japanese Restaurant,Nabe Restaurant,
179,4,Okonomiyaki Restaurant,55a59bace4b013909087cb18,Food,Asian Restaurant,Japanese Restaurant,Okonomiyaki Restaurant,
180,4,Ramen Restaurant,55a59bace4b013909087cb24,Food,Asian Restaurant,Japanese Restaurant,Ramen Restaurant,
181,4,Shabu-Shabu Restaurant,55a59bace4b013909087cb15,Food,Asian Restaurant,Japanese Restaurant,Shabu-Shabu Restaurant,
182,4,Soba Restaurant,55a59bace4b013909087cb27,Food,Asian Restaurant,Japanese Restaurant,Soba Restaurant,
183,4,Sukiyaki Restaurant,55a59bace4b013909087cb12,Food,Asian Restaurant,Japanese Restaurant,Sukiyaki Restaurant,
184,4,Sushi Restaurant,4bf58dd8d48988d1d2941735,Food,Asian Restaurant,Japanese Restaurant,Sushi Restaurant,
185,4,Takoyaki Place,55a59bace4b013909087cb2d,Food,Asian Restaurant,Japanese Restaurant,Takoyaki Place,
186,4,Tempura Restaurant,55a59a31e4b013909087cb00,Food,Asian Restaurant,Japanese Restaurant,Tempura Restaurant,
187,4,Tonkatsu Restaurant,55a59af1e4b013909087cb03,Food,Asian Restaurant,Japanese Restaurant,Tonkatsu Restaurant,
188,4,Udon Restaurant,55a59bace4b013909087cb2a,Food,Asian Restaurant,Japanese Restaurant,Udon Restaurant,
189,4,Unagi Restaurant,55a59bace4b013909087cb0f,Food,Asian Restaurant,Japanese Restaurant,Unagi Restaurant,
190,4,Wagashi Place,55a59bace4b013909087cb33,Food,Asian Restaurant,Japanese Restaurant,Wagashi Place,
191,4,Yakitori Restaurant,55a59bace4b013909087cb09,Food,Asian Restaurant,Japanese Restaurant,Yakitori Restaurant,
192,4,Yoshoku Restaurant,55a59bace4b013909087cb36,Food,Asian Restaurant,Japanese Restaurant,Yoshoku Restaurant,
193,3,Korean Restaurant,4bf58dd8d48988d113941735,Food,Asian Restaurant,Korean Restaurant,,
194,4,Bossam/Jokbal Restaurant,56aa371be4b08b9a8d5734e4,Food,Asian Restaurant,Korean Restaurant,Bossam/Jokbal Restaurant,
195,4,Bunsik Restaurant,56aa371be4b08b9a8d5734f0,Food,Asian Restaurant,Korean Restaurant,Bunsik Restaurant,
196,4,Gukbap Restaurant,56aa371be4b08b9a8d5734e7,Food,Asian Restaurant,Korean Restaurant,Gukbap Restaurant,
197,4,Janguh Restaurant,56aa371be4b08b9a8d5734ed,Food,Asian Restaurant,Korean Restaurant,Janguh Restaurant,
198,4,Samgyetang Restaurant,56aa371be4b08b9a8d5734ea,Food,Asian Restaurant,Korean Restaurant,Samgyetang Restaurant,
199,3,Malay Restaurant,4bf58dd8d48988d156941735,Food,Asian Restaurant,Malay Restaurant,,
200,4,Mamak Restaurant,5ae9595eb77c77002c2f9f26,Food,Asian Restaurant,Malay Restaurant,Mamak Restaurant,
201,3,Mongolian Restaurant,4eb1d5724b900d56c88a45fe,Food,Asian Restaurant,Mongolian Restaurant,,
202,3,Noodle House,4bf58dd8d48988d1d1941735,Food,Asian Restaurant,Noodle House,,
203,3,Satay Restaurant,56aa371be4b08b9a8d57350e,Food,Asian Restaurant,Satay Restaurant,,
204,3,Thai Restaurant,4bf58dd8d48988d149941735,Food,Asian Restaurant,Thai Restaurant,,
205,4,Som Tum Restaurant,56aa371be4b08b9a8d573502,Food,Asian Restaurant,Thai Restaurant,Som Tum Restaurant,
206,3,Tibetan Restaurant,52af39fb3cf9994f4e043be9,Food,Asian Restaurant,Tibetan Restaurant,,
207,3,Vietnamese Restaurant,4bf58dd8d48988d14a941735,Food,Asian Restaurant,Vietnamese Restaurant,,
208,2,Australian Restaurant,4bf58dd8d48988d169941735,Food,Australian Restaurant,,,
209,2,Austrian Restaurant,52e81612bcbc57f1066b7a01,Food,Austrian Restaurant,,,
210,2,BBQ Joint,4bf58dd8d48988d1df931735,Food,BBQ Joint,,,
211,2,Bagel Shop,4bf58dd8d48988d179941735,Food,Bagel Shop,,,
212,2,Bakery,4bf58dd8d48988d16a941735,Food,Bakery,,,
213,2,Bangladeshi Restaurant,5e179ee74ae8e90006e9a746,Food,Bangladeshi Restaurant,,,
214,2,Belgian Restaurant,52e81612bcbc57f1066b7a02,Food,Belgian Restaurant,,,
215,2,Bistro,52e81612bcbc57f1066b79f1,Food,Bistro,,,
216,2,Breakfast Spot,4bf58dd8d48988d143941735,Food,Breakfast Spot,,,
217,2,Bubble Tea Shop,52e81612bcbc57f1066b7a0c,Food,Bubble Tea Shop,,,
218,2,Buffet,52e81612bcbc57f1066b79f4,Food,Buffet,,,
219,2,Burger Joint,4bf58dd8d48988d16c941735,Food,Burger Joint,,,
220,2,Cafeteria,4bf58dd8d48988d128941735,Food,Cafeteria,,,
221,2,Cafe,4bf58dd8d48988d16d941735,Food,Cafe,,,
222,2,Cajun / Creole Restaurant,4bf58dd8d48988d17a941735,Food,Cajun / Creole Restaurant,,,
223,2,Caribbean Restaurant,4bf58dd8d48988d144941735,Food,Caribbean Restaurant,,,
224,3,Cuban Restaurant,4bf58dd8d48988d154941735,Food,Caribbean Restaurant,Cuban Restaurant,,
225,2,Caucasian Restaurant,5293a7d53cf9994f4e043a45,Food,Caucasian Restaurant,,,
226,2,Coffee Shop,4bf58dd8d48988d1e0931735,Food,Coffee Shop,,,
227,2,Comfort Food Restaurant,52e81612bcbc57f1066b7a00,Food,Comfort Food Restaurant,,,
228,2,Creperie,52e81612bcbc57f1066b79f2,Food,Creperie,,,
229,2,Czech Restaurant,52f2ae52bcbc57f1066b8b81,Food,Czech Restaurant,,,
230,2,Deli / Bodega,4bf58dd8d48988d146941735,Food,Deli / Bodega,,,
231,2,Dessert Shop,4bf58dd8d48988d1d0941735,Food,Dessert Shop,,,
232,3,Cupcake Shop,4bf58dd8d48988d1bc941735,Food,Dessert Shop,Cupcake Shop,,
233,3,Frozen Yogurt Shop,512e7cae91d4cbb4e5efe0af,Food,Dessert Shop,Frozen Yogurt Shop,,
234,3,Ice Cream Shop,4bf58dd8d48988d1c9941735,Food,Dessert Shop,Ice Cream Shop,,
235,3,Pastry Shop,5744ccdfe4b0c0459246b4e2,Food,Dessert Shop,Pastry Shop,,
236,3,Pie Shop,52e81612bcbc57f1066b7a0a,Food,Dessert Shop,Pie Shop,,
237,2,Diner,4bf58dd8d48988d147941735,Food,Diner,,,
238,2,Donut Shop,4bf58dd8d48988d148941735,Food,Donut Shop,,,
239,2,Dumpling Restaurant,4bf58dd8d48988d108941735,Food,Dumpling Restaurant,,,
240,2,Dutch Restaurant,5744ccdfe4b0c0459246b4d0,Food,Dutch Restaurant,,,
241,2,Eastern European Restaurant,4bf58dd8d48988d109941735,Food,Eastern European Restaurant,,,
242,3,Belarusian Restaurant,52e928d0bcbc57f1066b7e97,Food,Eastern European Restaurant,Belarusian Restaurant,,
243,3,Bosnian Restaurant,58daa1558bbb0b01f18ec1ee,Food,Eastern European Restaurant,Bosnian Restaurant,,
244,3,Bulgarian Restaurant,56aa371be4b08b9a8d5734f3,Food,Eastern European Restaurant,Bulgarian Restaurant,,
245,3,Romanian Restaurant,52960bac3cf9994f4e043ac4,Food,Eastern European Restaurant,Romanian Restaurant,,
246,3,Tatar Restaurant,52e928d0bcbc57f1066b7e98,Food,Eastern European Restaurant,Tatar Restaurant,,
247,2,English Restaurant,52e81612bcbc57f1066b7a05,Food,English Restaurant,,,
248,2,Falafel Restaurant,4bf58dd8d48988d10b941735,Food,Falafel Restaurant,,,
249,2,Fast Food Restaurant,4bf58dd8d48988d16e941735,Food,Fast Food Restaurant,,,
250,2,Fish & Chips Shop,4edd64a0c7ddd24ca188df1a,Food,Fish & Chips Shop,,,
251,2,Fondue Restaurant,52e81612bcbc57f1066b7a09,Food,Fondue Restaurant,,,
252,2,Food Court,4bf58dd8d48988d120951735,Food,Food Court,,,
253,2,Food Stand,56aa371be4b08b9a8d57350b,Food,Food Stand,,,
254,2,Food Truck,4bf58dd8d48988d1cb941735,Food,Food Truck,,,
255,2,French Restaurant,4bf58dd8d48988d10c941735,Food,French Restaurant,,,
256,3,Alsatian Restaurant,57558b36e4b065ecebd306b6,Food,French Restaurant,Alsatian Restaurant,,
257,3,Auvergne Restaurant,57558b36e4b065ecebd306b8,Food,French Restaurant,Auvergne Restaurant,,
258,3,Basque Restaurant,57558b36e4b065ecebd306bc,Food,French Restaurant,Basque Restaurant,,
259,3,Brasserie,57558b36e4b065ecebd306b0,Food,French Restaurant,Brasserie,,
260,3,Breton Restaurant,57558b36e4b065ecebd306c5,Food,French Restaurant,Breton Restaurant,,
261,3,Burgundian Restaurant,57558b36e4b065ecebd306c0,Food,French Restaurant,Burgundian Restaurant,,
262,3,Catalan Restaurant,57558b36e4b065ecebd306cb,Food,French Restaurant,Catalan Restaurant,,
263,3,Ch'ti Restaurant,57558b36e4b065ecebd306ce,Food,French Restaurant,Ch'ti Restaurant,,
264,3,Corsican Restaurant,57558b36e4b065ecebd306d1,Food,French Restaurant,Corsican Restaurant,,
265,3,Estaminet,57558b36e4b065ecebd306b4,Food,French Restaurant,Estaminet,,
266,3,Labour Canteen,57558b36e4b065ecebd306b2,Food,French Restaurant,Labour Canteen,,
267,3,Lyonese Bouchon,57558b35e4b065ecebd306ad,Food,French Restaurant,Lyonese Bouchon,,
268,3,Norman Restaurant,57558b36e4b065ecebd306d4,Food,French Restaurant,Norman Restaurant,,
269,3,Provençal Restaurant,57558b36e4b065ecebd306d7,Food,French Restaurant,Provençal Restaurant,,
270,3,Savoyard Restaurant,57558b36e4b065ecebd306da,Food,French Restaurant,Savoyard Restaurant,,
271,3,Southwestern French Restaurant,57558b36e4b065ecebd306ba,Food,French Restaurant,Southwestern French Restaurant,,
272,2,Fried Chicken Joint,4d4ae6fc7a7b7dea34424761,Food,Fried Chicken Joint,,,
273,2,Friterie,55d25775498e9f6a0816a37a,Food,Friterie,,,
274,2,Gastropub,4bf58dd8d48988d155941735,Food,Gastropub,,,
275,2,German Restaurant,4bf58dd8d48988d10d941735,Food,German Restaurant,,,
276,3,Apple Wine Pub,56aa371ce4b08b9a8d573583,Food,German Restaurant,Apple Wine Pub,,
277,3,Bavarian Restaurant,56aa371ce4b08b9a8d573572,Food,German Restaurant,Bavarian Restaurant,,
278,3,Bratwurst Joint,56aa371ce4b08b9a8d57358e,Food,German Restaurant,Bratwurst Joint,,
279,3,Currywurst Joint,56aa371ce4b08b9a8d57358b,Food,German Restaurant,Currywurst Joint,,
280,3,Franconian Restaurant,56aa371ce4b08b9a8d573574,Food,German Restaurant,Franconian Restaurant,,
281,3,German Pop-Up Restaurant,56aa371ce4b08b9a8d573592,Food,German Restaurant,German Pop-Up Restaurant,,
282,3,Palatine Restaurant,56aa371ce4b08b9a8d573578,Food,German Restaurant,Palatine Restaurant,,
283,3,Rhenisch Restaurant,56aa371ce4b08b9a8d57357b,Food,German Restaurant,Rhenisch Restaurant,,
284,3,Schnitzel Restaurant,56aa371ce4b08b9a8d573587,Food,German Restaurant,Schnitzel Restaurant,,
285,3,Silesian Restaurant,56aa371ce4b08b9a8d57357f,Food,German Restaurant,Silesian Restaurant,,
286,3,Swabian Restaurant,56aa371ce4b08b9a8d573576,Food,German Restaurant,Swabian Restaurant,,
287,2,Gluten-free Restaurant,4c2cd86ed066bed06c3c5209,Food,Gluten-free Restaurant,,,
288,2,Greek Restaurant,4bf58dd8d48988d10e941735,Food,Greek Restaurant,,,
289,3,Bougatsa Shop,53d6c1b0e4b02351e88a83e8,Food,Greek Restaurant,Bougatsa Shop,,
290,3,Cretan Restaurant,53d6c1b0e4b02351e88a83e2,Food,Greek Restaurant,Cretan Restaurant,,
291,3,Fish Taverna,53d6c1b0e4b02351e88a83d8,Food,Greek Restaurant,Fish Taverna,,
292,3,Grilled Meat Restaurant,53d6c1b0e4b02351e88a83d6,Food,Greek Restaurant,Grilled Meat Restaurant,,
293,3,Kafenio,53d6c1b0e4b02351e88a83e6,Food,Greek Restaurant,Kafenio,,
294,3,Magirio,53d6c1b0e4b02351e88a83e4,Food,Greek Restaurant,Magirio,,
295,3,Meze Restaurant,53d6c1b0e4b02351e88a83da,Food,Greek Restaurant,Meze Restaurant,,
296,3,Modern Greek Restaurant,53d6c1b0e4b02351e88a83d4,Food,Greek Restaurant,Modern Greek Restaurant,,
297,3,Ouzeri,53d6c1b0e4b02351e88a83dc,Food,Greek Restaurant,Ouzeri,,
298,3,Patsa Restaurant,53d6c1b0e4b02351e88a83e0,Food,Greek Restaurant,Patsa Restaurant,,
299,3,Souvlaki Shop,52e81612bcbc57f1066b79f3,Food,Greek Restaurant,Souvlaki Shop,,
300,3,Taverna,53d6c1b0e4b02351e88a83d2,Food,Greek Restaurant,Taverna,,
301,3,Tsipouro Restaurant,53d6c1b0e4b02351e88a83de,Food,Greek Restaurant,Tsipouro Restaurant,,
302,2,Halal Restaurant,52e81612bcbc57f1066b79ff,Food,Halal Restaurant,,,
303,2,Hawaiian Restaurant,52e81612bcbc57f1066b79fe,Food,Hawaiian Restaurant,,,
304,3,Poke Place,5bae9231bedf3950379f89d4,Food,Hawaiian Restaurant,Poke Place,,
305,2,Hot Dog Joint,4bf58dd8d48988d16f941735,Food,Hot Dog Joint,,,
306,2,Hungarian Restaurant,52e81612bcbc57f1066b79fa,Food,Hungarian Restaurant,,,
307,2,Indian Restaurant,4bf58dd8d48988d10f941735,Food,Indian Restaurant,,,
308,3,Andhra Restaurant,54135bf5e4b08f3d2429dfe5,Food,Indian Restaurant,Andhra Restaurant,,
309,3,Awadhi Restaurant,54135bf5e4b08f3d2429dff3,Food,Indian Restaurant,Awadhi Restaurant,,
310,3,Bengali Restaurant,54135bf5e4b08f3d2429dff5,Food,Indian Restaurant,Bengali Restaurant,,
311,3,Chaat Place,54135bf5e4b08f3d2429dfe2,Food,Indian Restaurant,Chaat Place,,
312,3,Chettinad Restaurant,54135bf5e4b08f3d2429dff2,Food,Indian Restaurant,Chettinad Restaurant,,
313,3,Dhaba,54135bf5e4b08f3d2429dfe1,Food,Indian Restaurant,Dhaba,,
314,3,Dosa Place,54135bf5e4b08f3d2429dfe3,Food,Indian Restaurant,Dosa Place,,
315,3,Goan Restaurant,54135bf5e4b08f3d2429dfe8,Food,Indian Restaurant,Goan Restaurant,,
316,3,Gujarati Restaurant,54135bf5e4b08f3d2429dfe9,Food,Indian Restaurant,Gujarati Restaurant,,
317,3,Hyderabadi Restaurant,54135bf5e4b08f3d2429dfe6,Food,Indian Restaurant,Hyderabadi Restaurant,,
318,3,Indian Chinese Restaurant,54135bf5e4b08f3d2429dfdf,Food,Indian Restaurant,Indian Chinese Restaurant,,
319,3,Indian Sweet Shop,54135bf5e4b08f3d2429dfe4,Food,Indian Restaurant,Indian Sweet Shop,,
320,3,Irani Cafe,54135bf5e4b08f3d2429dfe7,Food,Indian Restaurant,Irani Cafe,,
321,3,Jain Restaurant,54135bf5e4b08f3d2429dfea,Food,Indian Restaurant,Jain Restaurant,,
322,3,Karnataka Restaurant,54135bf5e4b08f3d2429dfeb,Food,Indian Restaurant,Karnataka Restaurant,,
323,3,Kerala Restaurant,54135bf5e4b08f3d2429dfed,Food,Indian Restaurant,Kerala Restaurant,,
324,3,Maharashtrian Restaurant,54135bf5e4b08f3d2429dfee,Food,Indian Restaurant,Maharashtrian Restaurant,,
325,3,Mughlai Restaurant,54135bf5e4b08f3d2429dff4,Food,Indian Restaurant,Mughlai Restaurant,,
326,3,Multicuisine Indian Restaurant,54135bf5e4b08f3d2429dfe0,Food,Indian Restaurant,Multicuisine Indian Restaurant,,
327,3,North Indian Restaurant,54135bf5e4b08f3d2429dfdd,Food,Indian Restaurant,North Indian Restaurant,,
328,3,Northeast Indian Restaurant,54135bf5e4b08f3d2429dff6,Food,Indian Restaurant,Northeast Indian Restaurant,,
329,3,Parsi Restaurant,54135bf5e4b08f3d2429dfef,Food,Indian Restaurant,Parsi Restaurant,,
330,3,Punjabi Restaurant,54135bf5e4b08f3d2429dff0,Food,Indian Restaurant,Punjabi Restaurant,,
331,3,Rajasthani Restaurant,54135bf5e4b08f3d2429dff1,Food,Indian Restaurant,Rajasthani Restaurant,,
332,3,South Indian Restaurant,54135bf5e4b08f3d2429dfde,Food,Indian Restaurant,South Indian Restaurant,,
333,3,Udupi Restaurant,54135bf5e4b08f3d2429dfec,Food,Indian Restaurant,Udupi Restaurant,,
334,2,Irish Pub,52e81612bcbc57f1066b7a06,Food,Irish Pub,,,
335,2,Italian Restaurant,4bf58dd8d48988d110941735,Food,Italian Restaurant,,,
336,3,Abruzzo Restaurant,55a5a1ebe4b013909087cbb6,Food,Italian Restaurant,Abruzzo Restaurant,,
337,3,Agriturismo,55a5a1ebe4b013909087cb7c,Food,Italian Restaurant,Agriturismo,,
338,3,Aosta Restaurant,55a5a1ebe4b013909087cba7,Food,Italian Restaurant,Aosta Restaurant,,
339,3,Basilicata Restaurant,55a5a1ebe4b013909087cba1,Food,Italian Restaurant,Basilicata Restaurant,,
340,3,Calabria Restaurant,55a5a1ebe4b013909087cba4,Food,Italian Restaurant,Calabria Restaurant,,
341,3,Campanian Restaurant,55a5a1ebe4b013909087cb95,Food,Italian Restaurant,Campanian Restaurant,,
342,3,Emilia Restaurant,55a5a1ebe4b013909087cb89,Food,Italian Restaurant,Emilia Restaurant,,
343,3,Friuli Restaurant,55a5a1ebe4b013909087cb9b,Food,Italian Restaurant,Friuli Restaurant,,
344,3,Ligurian Restaurant,55a5a1ebe4b013909087cb98,Food,Italian Restaurant,Ligurian Restaurant,,
345,3,Lombard Restaurant,55a5a1ebe4b013909087cbbf,Food,Italian Restaurant,Lombard Restaurant,,
346,3,Malga,55a5a1ebe4b013909087cb79,Food,Italian Restaurant,Malga,,
347,3,Marche Restaurant,55a5a1ebe4b013909087cbb0,Food,Italian Restaurant,Marche Restaurant,,
348,3,Molise Restaurant,55a5a1ebe4b013909087cbb3,Food,Italian Restaurant,Molise Restaurant,,
349,3,Piadineria,55a5a1ebe4b013909087cb74,Food,Italian Restaurant,Piadineria,,
350,3,Piedmontese Restaurant,55a5a1ebe4b013909087cbaa,Food,Italian Restaurant,Piedmontese Restaurant,,
351,3,Puglia Restaurant,55a5a1ebe4b013909087cb83,Food,Italian Restaurant,Puglia Restaurant,,
352,3,Romagna Restaurant,55a5a1ebe4b013909087cb8c,Food,Italian Restaurant,Romagna Restaurant,,
353,3,Roman Restaurant,55a5a1ebe4b013909087cb92,Food,Italian Restaurant,Roman Restaurant,,
354,3,Sardinian Restaurant,55a5a1ebe4b013909087cb8f,Food,Italian Restaurant,Sardinian Restaurant,,
355,3,Sicilian Restaurant,55a5a1ebe4b013909087cb86,Food,Italian Restaurant,Sicilian Restaurant,,
356,3,South Tyrolean Restaurant,55a5a1ebe4b013909087cbb9,Food,Italian Restaurant,South Tyrolean Restaurant,,
357,3,Trattoria/Osteria,55a5a1ebe4b013909087cb7f,Food,Italian Restaurant,Trattoria/Osteria,,
358,3,Trentino Restaurant,55a5a1ebe4b013909087cbbc,Food,Italian Restaurant,Trentino Restaurant,,
359,3,Tuscan Restaurant,55a5a1ebe4b013909087cb9e,Food,Italian Restaurant,Tuscan Restaurant,,
360,3,Umbrian Restaurant,55a5a1ebe4b013909087cbc2,Food,Italian Restaurant,Umbrian Restaurant,,
361,3,Veneto Restaurant,55a5a1ebe4b013909087cbad,Food,Italian Restaurant,Veneto Restaurant,,
362,2,Jewish Restaurant,52e81612bcbc57f1066b79fd,Food,Jewish Restaurant,,,
363,3,Kosher Restaurant,52e81612bcbc57f1066b79fc,Food,Jewish Restaurant,Kosher Restaurant,,
364,2,Juice Bar,4bf58dd8d48988d112941735,Food,Juice Bar,,,
365,2,Kebab Restaurant,5283c7b4e4b094cb91ec88d7,Food,Kebab Restaurant,,,
366,2,Latin American Restaurant,4bf58dd8d48988d1be941735,Food,Latin American Restaurant,,,
367,3,Arepa Restaurant,4bf58dd8d48988d152941735,Food,Latin American Restaurant,Arepa Restaurant,,
368,3,Empanada Restaurant,52939a8c3cf9994f4e043a35,Food,Latin American Restaurant,Empanada Restaurant,,
369,3,Salvadoran Restaurant,5745c7ac498e5d0483112fdb,Food,Latin American Restaurant,Salvadoran Restaurant,,
370,3,South American Restaurant,4bf58dd8d48988d1cd941735,Food,Latin American Restaurant,South American Restaurant,,
371,4,Argentinian Restaurant,4bf58dd8d48988d107941735,Food,Latin American Restaurant,South American Restaurant,Argentinian Restaurant,
372,4,Brazilian Restaurant,4bf58dd8d48988d16b941735,Food,Latin American Restaurant,South American Restaurant,Brazilian Restaurant,
373,5,Acai House,5294c7523cf9994f4e043a62,Food,Latin American Restaurant,South American Restaurant,Brazilian Restaurant,Acai House
374,5,Baiano Restaurant,52939ae13cf9994f4e043a3b,Food,Latin American Restaurant,South American Restaurant,Brazilian Restaurant,Baiano Restaurant
375,5,Central Brazilian Restaurant,52939a9e3cf9994f4e043a36,Food,Latin American Restaurant,South American Restaurant,Brazilian Restaurant,Central Brazilian Restaurant
376,5,Churrascaria,52939a643cf9994f4e043a33,Food,Latin American Restaurant,South American Restaurant,Brazilian Restaurant,Churrascaria
377,5,Empada House,5294c55c3cf9994f4e043a61,Food,Latin American Restaurant,South American Restaurant,Brazilian Restaurant,Empada House
378,5,Goiano Restaurant,52939af83cf9994f4e043a3d,Food,Latin American Restaurant,South American Restaurant,Brazilian Restaurant,Goiano Restaurant
379,5,Mineiro Restaurant,52939aed3cf9994f4e043a3c,Food,Latin American Restaurant,South American Restaurant,Brazilian Restaurant,Mineiro Restaurant
380,5,Northeastern Brazilian Restaurant,52939aae3cf9994f4e043a37,Food,Latin American Restaurant,South American Restaurant,Brazilian Restaurant,Northeastern Brazilian Restaurant
381,5,Northern Brazilian Restaurant,52939ab93cf9994f4e043a38,Food,Latin American Restaurant,South American Restaurant,Brazilian Restaurant,Northern Brazilian Restaurant
382,5,Pastelaria,5294cbda3cf9994f4e043a63,Food,Latin American Restaurant,South American Restaurant,Brazilian Restaurant,Pastelaria
383,5,Southeastern Brazilian Restaurant,52939ac53cf9994f4e043a39,Food,Latin American Restaurant,South American Restaurant,Brazilian Restaurant,Southeastern Brazilian Restaurant
384,5,Southern Brazilian Restaurant,52939ad03cf9994f4e043a3a,Food,Latin American Restaurant,South American Restaurant,Brazilian Restaurant,Southern Brazilian Restaurant
385,5,Tapiocaria,52939a7d3cf9994f4e043a34,Food,Latin American Restaurant,South American Restaurant,Brazilian Restaurant,Tapiocaria
386,4,Colombian Restaurant,58daa1558bbb0b01f18ec1f4,Food,Latin American Restaurant,South American Restaurant,Colombian Restaurant,
387,4,Peruvian Restaurant,4eb1bfa43b7b52c0e1adc2e8,Food,Latin American Restaurant,South American Restaurant,Peruvian Restaurant,
388,4,Venezuelan Restaurant,56aa371be4b08b9a8d573558,Food,Latin American Restaurant,South American Restaurant,Venezuelan Restaurant,
389,2,Mac & Cheese Joint,4bf58dd8d48988d1bf941735,Food,Mac & Cheese Joint,,,
390,2,Mediterranean Restaurant,4bf58dd8d48988d1c0941735,Food,Mediterranean Restaurant,,,
391,3,Moroccan Restaurant,4bf58dd8d48988d1c3941735,Food,Mediterranean Restaurant,Moroccan Restaurant,,
392,2,Mexican Restaurant,4bf58dd8d48988d1c1941735,Food,Mexican Restaurant,,,
393,3,Botanero,58daa1558bbb0b01f18ec1d9,Food,Mexican Restaurant,Botanero,,
394,3,Burrito Place,4bf58dd8d48988d153941735,Food,Mexican Restaurant,Burrito Place,,
395,3,Taco Place,4bf58dd8d48988d151941735,Food,Mexican Restaurant,Taco Place,,
396,3,Tex-Mex Restaurant,56aa371ae4b08b9a8d5734ba,Food,Mexican Restaurant,Tex-Mex Restaurant,,
397,3,Yucatecan Restaurant,5744ccdfe4b0c0459246b4d3,Food,Mexican Restaurant,Yucatecan Restaurant,,
398,2,Middle Eastern Restaurant,4bf58dd8d48988d115941735,Food,Middle Eastern Restaurant,,,
399,3,Egyptian Restaurant,5bae9231bedf3950379f89e1,Food,Middle Eastern Restaurant,Egyptian Restaurant,,
400,3,Iraqi Restaurant,5bae9231bedf3950379f89e7,Food,Middle Eastern Restaurant,Iraqi Restaurant,,
401,3,Israeli Restaurant,56aa371be4b08b9a8d573529,Food,Middle Eastern Restaurant,Israeli Restaurant,,
402,3,Kurdish Restaurant,5744ccdfe4b0c0459246b4ca,Food,Middle Eastern Restaurant,Kurdish Restaurant,,
403,3,Lebanese Restaurant,58daa1558bbb0b01f18ec1cd,Food,Middle Eastern Restaurant,Lebanese Restaurant,,
404,3,Persian Restaurant,52e81612bcbc57f1066b79f7,Food,Middle Eastern Restaurant,Persian Restaurant,,
405,4,Ash and Haleem Place,58daa1558bbb0b01f18ec1bc,Food,Middle Eastern Restaurant,Persian Restaurant,Ash and Haleem Place,
406,4,Dizi Place,58daa1558bbb0b01f18ec1c0,Food,Middle Eastern Restaurant,Persian Restaurant,Dizi Place,
407,4,Gilaki Restaurant,58daa1558bbb0b01f18ec1c4,Food,Middle Eastern Restaurant,Persian Restaurant,Gilaki Restaurant,
408,4,Jegaraki,58daa1558bbb0b01f18ec1c7,Food,Middle Eastern Restaurant,Persian Restaurant,Jegaraki,
409,4,Tabbakhi,5744ccdfe4b0c0459246b4a8,Food,Middle Eastern Restaurant,Persian Restaurant,Tabbakhi,
410,3,Shawarma Place,5bae9231bedf3950379f89e4,Food,Middle Eastern Restaurant,Shawarma Place,,
411,3,Syrian Restaurant,5bae9231bedf3950379f89da,Food,Middle Eastern Restaurant,Syrian Restaurant,,
412,3,Yemeni Restaurant,5bae9231bedf3950379f89ea,Food,Middle Eastern Restaurant,Yemeni Restaurant,,
413,2,Modern European Restaurant,52e81612bcbc57f1066b79f9,Food,Modern European Restaurant,,,
414,2,Molecular Gastronomy Restaurant,4bf58dd8d48988d1c2941735,Food,Molecular Gastronomy Restaurant,,,
415,2,Pakistani Restaurant,52e81612bcbc57f1066b79f8,Food,Pakistani Restaurant,,,
416,2,Pet Café,56aa371be4b08b9a8d573508,Food,Pet Café,,,
417,2,Pizza Place,4bf58dd8d48988d1ca941735,Food,Pizza Place,,,
418,2,Polish Restaurant,52e81612bcbc57f1066b7a04,Food,Polish Restaurant,,,
419,2,Portuguese Restaurant,4def73e84765ae376e57713a,Food,Portuguese Restaurant,,,
420,2,Poutine Place,56aa371be4b08b9a8d5734c7,Food,Poutine Place,,,
421,2,Restaurant,4bf58dd8d48988d1c4941735,Food,Restaurant,,,
422,2,Russian Restaurant,5293a7563cf9994f4e043a44,Food,Russian Restaurant,,,
423,3,Blini House,52e928d0bcbc57f1066b7e9d,Food,Russian Restaurant,Blini House,,
424,3,Pelmeni House,52e928d0bcbc57f1066b7e9c,Food,Russian Restaurant,Pelmeni House,,
425,2,Salad Place,4bf58dd8d48988d1bd941735,Food,Salad Place,,,
426,2,Sandwich Place,4bf58dd8d48988d1c5941735,Food,Sandwich Place,,,
427,2,Scandinavian Restaurant,4bf58dd8d48988d1c6941735,Food,Scandinavian Restaurant,,,
428,2,Scottish Restaurant,5744ccdde4b0c0459246b4a3,Food,Scottish Restaurant,,,
429,2,Seafood Restaurant,4bf58dd8d48988d1ce941735,Food,Seafood Restaurant,,,
430,2,Slovak Restaurant,56aa371be4b08b9a8d57355a,Food,Slovak Restaurant,,,
431,2,Snack Place,4bf58dd8d48988d1c7941735,Food,Snack Place,,,
432,2,Soup Place,4bf58dd8d48988d1dd931735,Food,Soup Place,,,
433,2,Southern / Soul Food Restaurant,4bf58dd8d48988d14f941735,Food,Southern / Soul Food Restaurant,,,
434,2,Spanish Restaurant,4bf58dd8d48988d150941735,Food,Spanish Restaurant,,,
435,3,Paella Restaurant,4bf58dd8d48988d14d941735,Food,Spanish Restaurant,Paella Restaurant,,
436,3,Tapas Restaurant,4bf58dd8d48988d1db931735,Food,Spanish Restaurant,Tapas Restaurant,,
437,2,Sri Lankan Restaurant,5413605de4b0ae91d18581a9,Food,Sri Lankan Restaurant,,,
438,2,Steakhouse,4bf58dd8d48988d1cc941735,Food,Steakhouse,,,
439,2,Swiss Restaurant,4bf58dd8d48988d158941735,Food,Swiss Restaurant,,,
440,2,Tea Room,4bf58dd8d48988d1dc931735,Food,Tea Room,,,
441,2,Theme Restaurant,56aa371be4b08b9a8d573538,Food,Theme Restaurant,,,
442,2,Truck Stop,57558b36e4b065ecebd306dd,Food,Truck Stop,,,
443,2,Turkish Restaurant,4f04af1f2fb6e1c99f3db0bb,Food,Turkish Restaurant,,,
444,3,Borek Place,530faca9bcbc57f1066bc2f3,Food,Turkish Restaurant,Borek Place,,
445,3,Cigkofte Place,530faca9bcbc57f1066bc2f4,Food,Turkish Restaurant,Cigkofte Place,,
446,3,Doner Restaurant,5283c7b4e4b094cb91ec88d8,Food,Turkish Restaurant,Doner Restaurant,,
447,3,Gozleme Place,5283c7b4e4b094cb91ec88d9,Food,Turkish Restaurant,Gozleme Place,,
448,3,Kofte Place,5283c7b4e4b094cb91ec88db,Food,Turkish Restaurant,Kofte Place,,
449,3,Kokoreç Restaurant,5283c7b4e4b094cb91ec88d6,Food,Turkish Restaurant,Kokoreç Restaurant,,
450,3,Kumpir Restaurant,56aa371be4b08b9a8d573535,Food,Turkish Restaurant,Kumpir Restaurant,,
451,3,Kumru Restaurant,56aa371be4b08b9a8d5734bd,Food,Turkish Restaurant,Kumru Restaurant,,
452,3,Manti Place,5283c7b4e4b094cb91ec88d5,Food,Turkish Restaurant,Manti Place,,
453,3,Meyhane,5283c7b4e4b094cb91ec88da,Food,Turkish Restaurant,Meyhane,,
454,3,Pide Place,530faca9bcbc57f1066bc2f2,Food,Turkish Restaurant,Pide Place,,
455,3,Pilavcı,58daa1558bbb0b01f18ec1df,Food,Turkish Restaurant,Pilavcı,,
456,3,Söğüş Place,58daa1558bbb0b01f18ec1dc,Food,Turkish Restaurant,Söğüş Place,,
457,3,Tantuni Restaurant,56aa371be4b08b9a8d5734bf,Food,Turkish Restaurant,Tantuni Restaurant,,
458,3,Turkish Coffeehouse,56aa371be4b08b9a8d5734c1,Food,Turkish Restaurant,Turkish Coffeehouse,,
459,3,Turkish Home Cooking Restaurant,5283c7b4e4b094cb91ec88d4,Food,Turkish Restaurant,Turkish Home Cooking Restaurant,,
460,3,Çöp Şiş Place,58daa1558bbb0b01f18ec1e2,Food,Turkish Restaurant,Çöp Şiş Place,,
461,2,Ukrainian Restaurant,52e928d0bcbc57f1066b7e96,Food,Ukrainian Restaurant,,,
462,3,Varenyky restaurant,52e928d0bcbc57f1066b7e9a,Food,Ukrainian Restaurant,Varenyky restaurant,,
463,3,West-Ukrainian Restaurant,52e928d0bcbc57f1066b7e9b,Food,Ukrainian Restaurant,West-Ukrainian Restaurant,,
464,2,Vegetarian / Vegan Restaurant,4bf58dd8d48988d1d3941735,Food,Vegetarian / Vegan Restaurant,,,
465,2,Wings Joint,4bf58dd8d48988d14c941735,Food,Wings Joint,,,
466,1,Nightlife Spot,4d4b7105d754a06376d81259,Nightlife Spot,,,,
467,2,Bar,4bf58dd8d48988d116941735,Nightlife Spot,Bar,,,
468,3,Beach Bar,52e81612bcbc57f1066b7a0d,Nightlife Spot,Bar,Beach Bar,,
469,3,Beer Bar,56aa371ce4b08b9a8d57356c,Nightlife Spot,Bar,Beer Bar,,
470,3,Beer Garden,4bf58dd8d48988d117941735,Nightlife Spot,Bar,Beer Garden,,
471,3,Champagne Bar,52e81612bcbc57f1066b7a0e,Nightlife Spot,Bar,Champagne Bar,,
472,3,Cocktail Bar,4bf58dd8d48988d11e941735,Nightlife Spot,Bar,Cocktail Bar,,
473,3,Dive Bar,4bf58dd8d48988d118941735,Nightlife Spot,Bar,Dive Bar,,
474,3,Gay Bar,4bf58dd8d48988d1d8941735,Nightlife Spot,Bar,Gay Bar,,
475,3,Hookah Bar,4bf58dd8d48988d119941735,Nightlife Spot,Bar,Hookah Bar,,
476,3,Hotel Bar,4bf58dd8d48988d1d5941735,Nightlife Spot,Bar,Hotel Bar,,
477,3,Karaoke Bar,4bf58dd8d48988d120941735,Nightlife Spot,Bar,Karaoke Bar,,
478,3,Pub,4bf58dd8d48988d11b941735,Nightlife Spot,Bar,Pub,,
479,3,Sake Bar,4bf58dd8d48988d11c941735,Nightlife Spot,Bar,Sake Bar,,
480,3,Speakeasy,4bf58dd8d48988d1d4941735,Nightlife Spot,Bar,Speakeasy,,
481,3,Sports Bar,4bf58dd8d48988d11d941735,Nightlife Spot,Bar,Sports Bar,,
482,3,Tiki Bar,56aa371be4b08b9a8d57354d,Nightlife Spot,Bar,Tiki Bar,,
483,3,Whisky Bar,4bf58dd8d48988d122941735,Nightlife Spot,Bar,Whisky Bar,,
484,3,Wine Bar,4bf58dd8d48988d123941735,Nightlife Spot,Bar,Wine Bar,,
485,2,Brewery,50327c8591d4c4b30a586d5d,Nightlife Spot,Brewery,,,
486,2,Lounge,4bf58dd8d48988d121941735,Nightlife Spot,Lounge,,,
487,2,Night Market,53e510b7498ebcb1801b55d4,Nightlife Spot,Night Market,,,
488,2,Nightclub,4bf58dd8d48988d11f941735,Nightlife Spot,Nightclub,,,
489,2,Other Nightlife,4bf58dd8d48988d11a941735,Nightlife Spot,Other Nightlife,,,
490,2,Strip Club,4bf58dd8d48988d1d6941735,Nightlife Spot,Strip Club,,,
491,1,Outdoors & Recreation,4d4b7105d754a06377d81259,Outdoors & Recreation,,,,
492,2,Athletics & Sports,4f4528bc4b90abdf24c9de85,Outdoors & Recreation,Athletics & Sports,,,
493,3,Badminton Court,52e81612bcbc57f1066b7a2b,Outdoors & Recreation,Athletics & Sports,Badminton Court,,
494,3,Baseball Field,4bf58dd8d48988d1e8941735,Outdoors & Recreation,Athletics & Sports,Baseball Field,,
495,3,Basketball Court,4bf58dd8d48988d1e1941735,Outdoors & Recreation,Athletics & Sports,Basketball Court,,
496,3,Bowling Green,52e81612bcbc57f1066b7a2f,Outdoors & Recreation,Athletics & Sports,Bowling Green,,
497,3,Curling Ice,56aa371be4b08b9a8d57351a,Outdoors & Recreation,Athletics & Sports,Curling Ice,,
498,3,Golf Course,4bf58dd8d48988d1e6941735,Outdoors & Recreation,Athletics & Sports,Golf Course,,
499,3,Golf Driving Range,58daa1558bbb0b01f18ec1b0,Outdoors & Recreation,Athletics & Sports,Golf Driving Range,,
500,3,Gym / Fitness Center,4bf58dd8d48988d175941735,Outdoors & Recreation,Athletics & Sports,Gym / Fitness Center,,
501,4,Boxing Gym,52f2ab2ebcbc57f1066b8b47,Outdoors & Recreation,Athletics & Sports,Gym / Fitness Center,Boxing Gym,
502,4,Climbing Gym,503289d391d4c4b30a586d6a,Outdoors & Recreation,Athletics & Sports,Gym / Fitness Center,Climbing Gym,
503,4,Cycle Studio,52f2ab2ebcbc57f1066b8b49,Outdoors & Recreation,Athletics & Sports,Gym / Fitness Center,Cycle Studio,
504,4,Gym Pool,4bf58dd8d48988d105941735,Outdoors & Recreation,Athletics & Sports,Gym / Fitness Center,Gym Pool,
505,4,Gymnastics Gym,52f2ab2ebcbc57f1066b8b48,Outdoors & Recreation,Athletics & Sports,Gym / Fitness Center,Gymnastics Gym,
506,4,Gym,4bf58dd8d48988d176941735,Outdoors & Recreation,Athletics & Sports,Gym / Fitness Center,Gym,
507,4,Martial Arts Dojo,4bf58dd8d48988d101941735,Outdoors & Recreation,Athletics & Sports,Gym / Fitness Center,Martial Arts Dojo,
508,4,Outdoor Gym,58daa1558bbb0b01f18ec203,Outdoors & Recreation,Athletics & Sports,Gym / Fitness Center,Outdoor Gym,
509,4,Pilates Studio,5744ccdfe4b0c0459246b4b2,Outdoors & Recreation,Athletics & Sports,Gym / Fitness Center,Pilates Studio,
510,4,Track,4bf58dd8d48988d106941735,Outdoors & Recreation,Athletics & Sports,Gym / Fitness Center,Track,
511,4,Weight Loss Center,590a0744340a5803fd8508c3,Outdoors & Recreation,Athletics & Sports,Gym / Fitness Center,Weight Loss Center,
512,4,Yoga Studio,4bf58dd8d48988d102941735,Outdoors & Recreation,Athletics & Sports,Gym / Fitness Center,Yoga Studio,
513,3,Hockey Field,4f452cd44b9081a197eba860,Outdoors & Recreation,Athletics & Sports,Hockey Field,,
514,3,Hockey Rink,56aa371be4b08b9a8d57352c,Outdoors & Recreation,Athletics & Sports,Hockey Rink,,
515,3,Paintball Field,5032829591d4c4b30a586d5e,Outdoors & Recreation,Athletics & Sports,Paintball Field,,
516,3,Rugby Pitch,52e81612bcbc57f1066b7a2c,Outdoors & Recreation,Athletics & Sports,Rugby Pitch,,
517,3,Skate Park,4bf58dd8d48988d167941735,Outdoors & Recreation,Athletics & Sports,Skate Park,,
518,3,Skating Rink,4bf58dd8d48988d168941735,Outdoors & Recreation,Athletics & Sports,Skating Rink,,
519,3,Soccer Field,4cce455aebf7b749d5e191f5,Outdoors & Recreation,Athletics & Sports,Soccer Field,,
520,3,Sports Club,52e81612bcbc57f1066b7a2e,Outdoors & Recreation,Athletics & Sports,Sports Club,,
521,3,Squash Court,52e81612bcbc57f1066b7a2d,Outdoors & Recreation,Athletics & Sports,Squash Court,,
522,3,Tennis Court,4e39a956bd410d7aed40cbc3,Outdoors & Recreation,Athletics & Sports,Tennis Court,,
523,3,Volleyball Court,4eb1bf013b7b6f98df247e07,Outdoors & Recreation,Athletics & Sports,Volleyball Court,,
524,2,Bathing Area,52e81612bcbc57f1066b7a28,Outdoors & Recreation,Bathing Area,,,
525,2,Bay,56aa371be4b08b9a8d573544,Outdoors & Recreation,Bay,,,
526,2,Beach,4bf58dd8d48988d1e2941735,Outdoors & Recreation,Beach,,,
527,3,Nudist Beach,52e81612bcbc57f1066b7a30,Outdoors & Recreation,Beach,Nudist Beach,,
528,3,Surf Spot,4bf58dd8d48988d1e3941735,Outdoors & Recreation,Beach,Surf Spot,,
529,2,Bike Trail,56aa371be4b08b9a8d57355e,Outdoors & Recreation,Bike Trail,,,
530,2,Botanical Garden,52e81612bcbc57f1066b7a22,Outdoors & Recreation,Botanical Garden,,,
531,2,Bridge,4bf58dd8d48988d1df941735,Outdoors & Recreation,Bridge,,,
532,2,Campground,4bf58dd8d48988d1e4941735,Outdoors & Recreation,Campground,,,
533,2,Canal Lock,56aa371be4b08b9a8d57353b,Outdoors & Recreation,Canal Lock,,,
534,2,Canal,56aa371be4b08b9a8d573562,Outdoors & Recreation,Canal,,,
535,2,Castle,50aaa49e4b90af0d42d5de11,Outdoors & Recreation,Castle,,,
536,2,Cave,56aa371be4b08b9a8d573511,Outdoors & Recreation,Cave,,,
537,2,Cemetery,4bf58dd8d48988d15c941735,Outdoors & Recreation,Cemetery,,,
538,2,Dive Spot,52e81612bcbc57f1066b7a12,Outdoors & Recreation,Dive Spot,,,
539,2,Dog Run,4bf58dd8d48988d1e5941735,Outdoors & Recreation,Dog Run,,,
540,2,Farm,4bf58dd8d48988d15b941735,Outdoors & Recreation,Farm,,,
541,2,Field,4bf58dd8d48988d15f941735,Outdoors & Recreation,Field,,,
542,2,Fishing Spot,52e81612bcbc57f1066b7a0f,Outdoors & Recreation,Fishing Spot,,,
543,2,Forest,52e81612bcbc57f1066b7a23,Outdoors & Recreation,Forest,,,
544,2,Fountain,56aa371be4b08b9a8d573547,Outdoors & Recreation,Fountain,,,
545,2,Garden,4bf58dd8d48988d15a941735,Outdoors & Recreation,Garden,,,
546,2,Gun Range,52e81612bcbc57f1066b7a11,Outdoors & Recreation,Gun Range,,,
547,2,Harbor / Marina,4bf58dd8d48988d1e0941735,Outdoors & Recreation,Harbor / Marina,,,
548,2,Hill,5bae9231bedf3950379f89cd,Outdoors & Recreation,Hill,,,
549,2,Hot Spring,4bf58dd8d48988d160941735,Outdoors & Recreation,Hot Spring,,,
550,2,Indoor Play Area,5744ccdfe4b0c0459246b4b5,Outdoors & Recreation,Indoor Play Area,,,
551,2,Island,50aaa4314b90af0d42d5de10,Outdoors & Recreation,Island,,,
552,2,Lake,4bf58dd8d48988d161941735,Outdoors & Recreation,Lake,,,
553,2,Lighthouse,4bf58dd8d48988d15d941735,Outdoors & Recreation,Lighthouse,,,
554,2,Mountain Hut,55a5a1ebe4b013909087cb77,Outdoors & Recreation,Mountain Hut,,,
555,2,Mountain,4eb1d4d54b900d56c88a45fc,Outdoors & Recreation,Mountain,,,
556,2,National Park,52e81612bcbc57f1066b7a21,Outdoors & Recreation,National Park,,,
557,2,Nature Preserve,52e81612bcbc57f1066b7a13,Outdoors & Recreation,Nature Preserve,,,
558,2,Other Great Outdoors,4bf58dd8d48988d162941735,Outdoors & Recreation,Other Great Outdoors,,,
559,2,Palace,52e81612bcbc57f1066b7a14,Outdoors & Recreation,Palace,,,
560,2,Park,4bf58dd8d48988d163941735,Outdoors & Recreation,Park,,,
561,2,Pedestrian Plaza,52e81612bcbc57f1066b7a25,Outdoors & Recreation,Pedestrian Plaza,,,
562,2,Playground,4bf58dd8d48988d1e7941735,Outdoors & Recreation,Playground,,,
563,2,Plaza,4bf58dd8d48988d164941735,Outdoors & Recreation,Plaza,,,
564,2,Pool,4bf58dd8d48988d15e941735,Outdoors & Recreation,Pool,,,
565,2,Rafting,52e81612bcbc57f1066b7a29,Outdoors & Recreation,Rafting,,,
566,2,Recreation Center,52e81612bcbc57f1066b7a26,Outdoors & Recreation,Recreation Center,,,
567,2,Reservoir,56aa371be4b08b9a8d573541,Outdoors & Recreation,Reservoir,,,
568,2,River,4eb1d4dd4b900d56c88a45fd,Outdoors & Recreation,River,,,
569,2,Rock Climbing Spot,50328a4b91d4c4b30a586d6b,Outdoors & Recreation,Rock Climbing Spot,,,
570,2,Roof Deck,4bf58dd8d48988d133951735,Outdoors & Recreation,Roof Deck,,,
571,2,Scenic Lookout,4bf58dd8d48988d165941735,Outdoors & Recreation,Scenic Lookout,,,
572,2,Sculpture Garden,4bf58dd8d48988d166941735,Outdoors & Recreation,Sculpture Garden,,,
573,2,Ski Area,4bf58dd8d48988d1e9941735,Outdoors & Recreation,Ski Area,,,
574,3,Apres Ski Bar,4bf58dd8d48988d1ea941735,Outdoors & Recreation,Ski Area,Apres Ski Bar,,
575,3,Ski Chairlift,4eb1c0ed3b7b52c0e1adc2ea,Outdoors & Recreation,Ski Area,Ski Chairlift,,
576,3,Ski Chalet,4bf58dd8d48988d1ec941735,Outdoors & Recreation,Ski Area,Ski Chalet,,
577,3,Ski Lodge,4bf58dd8d48988d1eb941735,Outdoors & Recreation,Ski Area,Ski Lodge,,
578,3,Ski Trail,4eb1c0f63b7b52c0e1adc2eb,Outdoors & Recreation,Ski Area,Ski Trail,,
579,2,Skydiving Drop Zone,58daa1558bbb0b01f18ec1b9,Outdoors & Recreation,Skydiving Drop Zone,,,
580,2,Stables,4eb1baf03b7b2c5b1d4306ca,Outdoors & Recreation,Stables,,,
581,2,State / Provincial Park,5bae9231bedf3950379f89d0,Outdoors & Recreation,State / Provincial Park,,,
582,2,States & Municipalities,530e33ccbcbc57f1066bbfe4,Outdoors & Recreation,States & Municipalities,,,
583,3,City,50aa9e094b90af0d42d5de0d,Outdoors & Recreation,States & Municipalities,City,,
584,3,County,5345731ebcbc57f1066c39b2,Outdoors & Recreation,States & Municipalities,County,,
585,3,Country,530e33ccbcbc57f1066bbff7,Outdoors & Recreation,States & Municipalities,Country,,
586,3,Neighborhood,4f2a25ac4b909258e854f55f,Outdoors & Recreation,States & Municipalities,Neighborhood,,
587,3,State,530e33ccbcbc57f1066bbff8,Outdoors & Recreation,States & Municipalities,State,,
588,3,Town,530e33ccbcbc57f1066bbff3,Outdoors & Recreation,States & Municipalities,Town,,
589,3,Village,530e33ccbcbc57f1066bbff9,Outdoors & Recreation,States & Municipalities,Village,,
590,2,Summer Camp,52e81612bcbc57f1066b7a10,Outdoors & Recreation,Summer Camp,,,
591,2,Trail,4bf58dd8d48988d159941735,Outdoors & Recreation,Trail,,,
592,2,Tree,52e81612bcbc57f1066b7a24,Outdoors & Recreation,Tree,,,
593,2,Vineyard,4bf58dd8d48988d1de941735,Outdoors & Recreation,Vineyard,,,
594,2,Volcano,5032848691d4c4b30a586d61,Outdoors & Recreation,Volcano,,,
595,2,Waterfall,56aa371be4b08b9a8d573560,Outdoors & Recreation,Waterfall,,,
596,2,Waterfront,56aa371be4b08b9a8d5734c3,Outdoors & Recreation,Waterfront,,,
597,2,Well,4fbc1be21983fc883593e321,Outdoors & Recreation,Well,,,
598,2,Windmill,5bae9231bedf3950379f89c7,Outdoors & Recreation,Windmill,,,
599,1,Professional & Other Places,4d4b7105d754a06375d81259,Professional & Other Places,,,,
600,2,Animal Shelter,4e52d2d203646f7c19daa8ae,Professional & Other Places,Animal Shelter,,,
601,2,Art Studio,58daa1558bbb0b01f18ec1d6,Professional & Other Places,Art Studio,,,
602,2,Auditorium,4bf58dd8d48988d173941735,Professional & Other Places,Auditorium,,,
603,2,Ballroom,56aa371be4b08b9a8d5734cf,Professional & Other Places,Ballroom,,,
604,2,Building,4bf58dd8d48988d130941735,Professional & Other Places,Building,,,
605,2,Business Center,56aa371be4b08b9a8d573517,Professional & Other Places,Business Center,,,
606,2,Cidery,5e189fd6eee47d000759bbfd,Professional & Other Places,Cidery,,,
607,2,Club House,52e81612bcbc57f1066b7a35,Professional & Other Places,Club House,,,
608,2,Community Center,52e81612bcbc57f1066b7a34,Professional & Other Places,Community Center,,,
609,2,Convention Center,4bf58dd8d48988d1ff931735,Professional & Other Places,Convention Center,,,
610,3,Meeting Room,4bf58dd8d48988d100941735,Professional & Other Places,Convention Center,Meeting Room,,
611,2,Cultural Center,52e81612bcbc57f1066b7a32,Professional & Other Places,Cultural Center,,,
612,2,Distillery,4e0e22f5a56208c4ea9a85a0,Professional & Other Places,Distillery,,,
613,2,Distribution Center,52e81612bcbc57f1066b7a37,Professional & Other Places,Distribution Center,,,
614,2,Event Space,4bf58dd8d48988d171941735,Professional & Other Places,Event Space,,,
615,3,Outdoor Event Space,56aa371be4b08b9a8d57356a,Professional & Other Places,Event Space,Outdoor Event Space,,
616,2,Factory,4eb1bea83b7b6f98df247e06,Professional & Other Places,Factory,,,
617,2,Fair,4eb1daf44b900d56c88a4600,Professional & Other Places,Fair,,,
618,2,Funeral Home,4f4534884b9074f6e4fb0174,Professional & Other Places,Funeral Home,,,
619,2,Government Building,4bf58dd8d48988d126941735,Professional & Other Places,Government Building,,,
620,3,Capitol Building,4bf58dd8d48988d12a941735,Professional & Other Places,Government Building,Capitol Building,,
621,3,City Hall,4bf58dd8d48988d129941735,Professional & Other Places,Government Building,City Hall,,
622,3,Courthouse,4bf58dd8d48988d12b941735,Professional & Other Places,Government Building,Courthouse,,
623,3,Embassy / Consulate,4bf58dd8d48988d12c951735,Professional & Other Places,Government Building,Embassy / Consulate,,
624,3,Fire Station,4bf58dd8d48988d12c941735,Professional & Other Places,Government Building,Fire Station,,
625,3,Monument / Landmark,4bf58dd8d48988d12d941735,Professional & Other Places,Government Building,Monument / Landmark,,
626,3,Police Station,4bf58dd8d48988d12e941735,Professional & Other Places,Government Building,Police Station,,
627,3,Town Hall,52e81612bcbc57f1066b7a38,Professional & Other Places,Government Building,Town Hall,,
628,2,Industrial Estate,56aa371be4b08b9a8d5734d7,Professional & Other Places,Industrial Estate,,,
629,2,Laboratory,5744ccdfe4b0c0459246b4d6,Professional & Other Places,Laboratory,,,
630,2,Library,4bf58dd8d48988d12f941735,Professional & Other Places,Library,,,
631,2,Meadery,5e189d71eee47d000759b7e2,Professional & Other Places,Meadery,,,
632,2,Medical Center,4bf58dd8d48988d104941735,Professional & Other Places,Medical Center,,,
633,3,Acupuncturist,52e81612bcbc57f1066b7a3b,Professional & Other Places,Medical Center,Acupuncturist,,
634,3,Alternative Healer,52e81612bcbc57f1066b7a3c,Professional & Other Places,Medical Center,Alternative Healer,,
635,3,Chiropractor,52e81612bcbc57f1066b7a3a,Professional & Other Places,Medical Center,Chiropractor,,
636,3,Dentist's Office,4bf58dd8d48988d178941735,Professional & Other Places,Medical Center,Dentist's Office,,
637,3,Doctor's Office,4bf58dd8d48988d177941735,Professional & Other Places,Medical Center,Doctor's Office,,
638,3,Emergency Room,4bf58dd8d48988d194941735,Professional & Other Places,Medical Center,Emergency Room,,
639,3,Eye Doctor,522e32fae4b09b556e370f19,Professional & Other Places,Medical Center,Eye Doctor,,
640,3,Hospital,4bf58dd8d48988d196941735,Professional & Other Places,Medical Center,Hospital,,
641,4,Hospital Ward,58daa1558bbb0b01f18ec1f7,Professional & Other Places,Medical Center,Hospital,Hospital Ward,
642,3,Maternity Clinic,56aa371be4b08b9a8d5734ff,Professional & Other Places,Medical Center,Maternity Clinic,,
643,3,Medical Lab,4f4531b14b9074f6e4fb0103,Professional & Other Places,Medical Center,Medical Lab,,
644,3,Mental Health Office,52e81612bcbc57f1066b7a39,Professional & Other Places,Medical Center,Mental Health Office,,
645,3,Nutritionist,58daa1558bbb0b01f18ec1d0,Professional & Other Places,Medical Center,Nutritionist,,
646,3,Physical Therapist,5744ccdfe4b0c0459246b4af,Professional & Other Places,Medical Center,Physical Therapist,,
647,3,Rehab Center,56aa371be4b08b9a8d57351d,Professional & Other Places,Medical Center,Rehab Center,,
648,3,Urgent Care Center,56aa371be4b08b9a8d573526,Professional & Other Places,Medical Center,Urgent Care Center,,
649,3,Veterinarian,4d954af4a243a5684765b473,Professional & Other Places,Medical Center,Veterinarian,,
650,2,Military Base,4e52adeebd41615f56317744,Professional & Other Places,Military Base,,,
651,2,Non-Profit,50328a8e91d4c4b30a586d6c,Professional & Other Places,Non-Profit,,,
652,2,Observatory,5744ccdfe4b0c0459246b4d9,Professional & Other Places,Observatory,,,
653,2,Office,4bf58dd8d48988d124941735,Professional & Other Places,Office,,,
654,3,Advertising Agency,52e81612bcbc57f1066b7a3d,Professional & Other Places,Office,Advertising Agency,,
655,3,Campaign Office,5032764e91d4c4b30a586d5a,Professional & Other Places,Office,Campaign Office,,
656,3,Conference Room,4bf58dd8d48988d127941735,Professional & Other Places,Office,Conference Room,,
657,3,Corporate Amenity,5665ef1d498ec706735f0e59,Professional & Other Places,Office,Corporate Amenity,,
658,3,Corporate Cafeteria,54f4ba06498e2cf5561da814,Professional & Other Places,Office,Corporate Cafeteria,,
659,3,Corporate Coffee Shop,5665c7b9498e7d8a4f2c0f06,Professional & Other Places,Office,Corporate Coffee Shop,,
660,3,Coworking Space,4bf58dd8d48988d174941735,Professional & Other Places,Office,Coworking Space,,
661,3,Tech Startup,4bf58dd8d48988d125941735,Professional & Other Places,Office,Tech Startup,,
662,2,Parking,4c38df4de52ce0d596b336e1,Professional & Other Places,Parking,,,
663,2,Post Office,4bf58dd8d48988d172941735,Professional & Other Places,Post Office,,,
664,2,Power Plant,58daa1548bbb0b01f18ec1a9,Professional & Other Places,Power Plant,,,
665,2,Prison,5310b8e5bcbc57f1066bcbf1,Professional & Other Places,Prison,,,
666,2,Radio Station,5032856091d4c4b30a586d63,Professional & Other Places,Radio Station,,,
667,2,Recruiting Agency,52f2ab2ebcbc57f1066b8b57,Professional & Other Places,Recruiting Agency,,,
668,2,Research Station,58daa1558bbb0b01f18ec1b2,Professional & Other Places,Research Station,,,
669,2,School,4bf58dd8d48988d13b941735,Professional & Other Places,School,,,
670,3,Adult Education Center,56aa371ce4b08b9a8d573570,Professional & Other Places,School,Adult Education Center,,
671,3,Circus School,52e81612bcbc57f1066b7a43,Professional & Other Places,School,Circus School,,
672,3,Cooking School,58daa1558bbb0b01f18ec200,Professional & Other Places,School,Cooking School,,
673,3,Driving School,52e81612bcbc57f1066b7a42,Professional & Other Places,School,Driving School,,
674,3,Elementary School,4f4533804b9074f6e4fb0105,Professional & Other Places,School,Elementary School,,
675,3,Flight School,52e81612bcbc57f1066b7a49,Professional & Other Places,School,Flight School,,
676,3,High School,4bf58dd8d48988d13d941735,Professional & Other Places,School,High School,,
677,3,Language School,52e81612bcbc57f1066b7a48,Professional & Other Places,School,Language School,,
678,3,Middle School,4f4533814b9074f6e4fb0106,Professional & Other Places,School,Middle School,,
679,3,Music School,4f04b10d2fb6e1c99f3db0be,Professional & Other Places,School,Music School,,
680,3,Nursery School,4f4533814b9074f6e4fb0107,Professional & Other Places,School,Nursery School,,
681,3,Preschool,52e81612bcbc57f1066b7a45,Professional & Other Places,School,Preschool,,
682,3,Private School,52e81612bcbc57f1066b7a46,Professional & Other Places,School,Private School,,
683,3,Religious School,52e81612bcbc57f1066b7a47,Professional & Other Places,School,Religious School,,
684,3,Swim School,52e81612bcbc57f1066b7a44,Professional & Other Places,School,Swim School,,
685,2,Social Club,52e81612bcbc57f1066b7a33,Professional & Other Places,Social Club,,,
686,2,Spiritual Center,4bf58dd8d48988d131941735,Professional & Other Places,Spiritual Center,,,
687,3,Buddhist Temple,52e81612bcbc57f1066b7a3e,Professional & Other Places,Spiritual Center,Buddhist Temple,,
688,3,Cemevi,58daa1558bbb0b01f18ec1eb,Professional & Other Places,Spiritual Center,Cemevi,,
689,3,Church,4bf58dd8d48988d132941735,Professional & Other Places,Spiritual Center,Church,,
690,3,Confucian Temple,56aa371be4b08b9a8d5734fc,Professional & Other Places,Spiritual Center,Confucian Temple,,
691,3,Hindu Temple,52e81612bcbc57f1066b7a3f,Professional & Other Places,Spiritual Center,Hindu Temple,,
692,3,Kingdom Hall,5744ccdfe4b0c0459246b4ac,Professional & Other Places,Spiritual Center,Kingdom Hall,,
693,3,Monastery,52e81612bcbc57f1066b7a40,Professional & Other Places,Spiritual Center,Monastery,,
694,3,Mosque,4bf58dd8d48988d138941735,Professional & Other Places,Spiritual Center,Mosque,,
695,3,Prayer Room,52e81612bcbc57f1066b7a41,Professional & Other Places,Spiritual Center,Prayer Room,,
696,3,Shrine,4eb1d80a4b900d56c88a45ff,Professional & Other Places,Spiritual Center,Shrine,,
697,3,Sikh Temple,5bae9231bedf3950379f89c9,Professional & Other Places,Spiritual Center,Sikh Temple,,
698,3,Synagogue,4bf58dd8d48988d139941735,Professional & Other Places,Spiritual Center,Synagogue,,
699,3,Temple,4bf58dd8d48988d13a941735,Professional & Other Places,Spiritual Center,Temple,,
700,3,Terreiro,56aa371be4b08b9a8d5734f6,Professional & Other Places,Spiritual Center,Terreiro,,
701,2,TV Station,52e81612bcbc57f1066b7a31,Professional & Other Places,TV Station,,,
702,2,Voting Booth,4cae28ecbf23941eb1190695,Professional & Other Places,Voting Booth,,,
703,2,Warehouse,52e81612bcbc57f1066b7a36,Professional & Other Places,Warehouse,,,
704,2,Waste Facility,58daa1558bbb0b01f18ec1ac,Professional & Other Places,Waste Facility,,,
705,2,Wedding Hall,56aa371be4b08b9a8d5734c5,Professional & Other Places,Wedding Hall,,,
706,2,Winery,4bf58dd8d48988d14b941735,Professional & Other Places,Winery,,,
707,1,Residence,4e67e38e036454776db1fb3a,Residence,,,,
708,2,Assisted Living,5032891291d4c4b30a586d68,Residence,Assisted Living,,,
709,2,Home (private),4bf58dd8d48988d103941735,Residence,Home (private),,,
710,2,Housing Development,4f2a210c4b9023bd5841ed28,Residence,Housing Development,,,
711,2,Residential Building (Apartment / Condo),4d954b06a243a5684965b473,Residence,Residential Building (Apartment / Condo),,,
712,2,Trailer Park,52f2ab2ebcbc57f1066b8b55,Residence,Trailer Park,,,
713,1,Shop & Service,4d4b7105d754a06378d81259,Shop & Service,,,,
714,2,ATM,52f2ab2ebcbc57f1066b8b56,Shop & Service,ATM,,,
715,2,Adult Boutique,5267e446e4b0ec79466e48c4,Shop & Service,Adult Boutique,,,
716,2,Antique Shop,4bf58dd8d48988d116951735,Shop & Service,Antique Shop,,,
717,2,Arts & Crafts Store,4bf58dd8d48988d127951735,Shop & Service,Arts & Crafts Store,,,
718,2,Astrologer,52f2ab2ebcbc57f1066b8b43,Shop & Service,Astrologer,,,
719,2,Auto Dealership,4eb1c1623b7b52c0e1adc2ec,Shop & Service,Auto Dealership,,,
720,3,New Auto Dealership,5e8f50bd03c7a9000c1e2fbc,Shop & Service,Auto Dealership,New Auto Dealership,,
721,3,Used Auto Dealership,5e8f501a03c7a9000c1e2e88,Shop & Service,Auto Dealership,Used Auto Dealership,,
722,2,Auto Garage,52f2ab2ebcbc57f1066b8b44,Shop & Service,Auto Garage,,,
723,2,Auto Workshop,56aa371be4b08b9a8d5734d3,Shop & Service,Auto Workshop,,,
724,2,Automotive Shop,4bf58dd8d48988d124951735,Shop & Service,Automotive Shop,,,
725,2,Baby Store,52f2ab2ebcbc57f1066b8b32,Shop & Service,Baby Store,,,
726,2,Bank,4bf58dd8d48988d10a951735,Shop & Service,Bank,,,
727,2,Bath House,52e81612bcbc57f1066b7a27,Shop & Service,Bath House,,,
728,2,Batik Shop,56aa371be4b08b9a8d5734cb,Shop & Service,Batik Shop,,,
729,2,Betting Shop,52f2ab2ebcbc57f1066b8b40,Shop & Service,Betting Shop,,,
730,2,Big Box Store,52f2ab2ebcbc57f1066b8b42,Shop & Service,Big Box Store,,,
731,2,Bike Shop,4bf58dd8d48988d115951735,Shop & Service,Bike Shop,,,
732,2,Board Shop,4bf58dd8d48988d1f1941735,Shop & Service,Board Shop,,,
733,2,Bookstore,4bf58dd8d48988d114951735,Shop & Service,Bookstore,,,
734,2,Bridal Shop,4bf58dd8d48988d11a951735,Shop & Service,Bridal Shop,,,
735,2,Business Service,5453de49498eade8af355881,Shop & Service,Business Service,,,
736,2,Camera Store,4eb1bdf03b7b55596b4a7491,Shop & Service,Camera Store,,,
737,2,Candy Store,4bf58dd8d48988d117951735,Shop & Service,Candy Store,,,
738,2,Car Wash,4f04ae1f2fb6e1c99f3db0ba,Shop & Service,Car Wash,,,
739,2,Carpet Store,52f2ab2ebcbc57f1066b8b2a,Shop & Service,Carpet Store,,,
740,2,Check Cashing Service,52f2ab2ebcbc57f1066b8b2d,Shop & Service,Check Cashing Service,,,
741,2,Child Care Service,5744ccdfe4b0c0459246b4c7,Shop & Service,Child Care Service,,,
742,3,Daycare,4f4532974b9074f6e4fb0104,Shop & Service,Child Care Service,Daycare,,
743,2,Chocolate Shop,52f2ab2ebcbc57f1066b8b31,Shop & Service,Chocolate Shop,,,
744,2,Clothing Store,4bf58dd8d48988d103951735,Shop & Service,Clothing Store,,,
745,3,Accessories Store,4bf58dd8d48988d102951735,Shop & Service,Clothing Store,Accessories Store,,
746,3,Boutique,4bf58dd8d48988d104951735,Shop & Service,Clothing Store,Boutique,,
747,3,Kids Store,4bf58dd8d48988d105951735,Shop & Service,Clothing Store,Kids Store,,
748,3,Lingerie Store,4bf58dd8d48988d109951735,Shop & Service,Clothing Store,Lingerie Store,,
749,3,Men's Store,4bf58dd8d48988d106951735,Shop & Service,Clothing Store,Men's Store,,
750,3,Shoe Store,4bf58dd8d48988d107951735,Shop & Service,Clothing Store,Shoe Store,,
751,3,Women's Store,4bf58dd8d48988d108951735,Shop & Service,Clothing Store,Women's Store,,
752,2,Comic Shop,52f2ab2ebcbc57f1066b8b18,Shop & Service,Comic Shop,,,
753,2,Construction & Landscaping,5454144b498ec1f095bff2f2,Shop & Service,Construction & Landscaping,,,
754,2,Convenience Store,4d954b0ea243a5684a65b473,Shop & Service,Convenience Store,,,
755,2,Cosmetics Shop,4bf58dd8d48988d10c951735,Shop & Service,Cosmetics Shop,,,
756,2,Costume Shop,52f2ab2ebcbc57f1066b8b17,Shop & Service,Costume Shop,,,
757,2,Credit Union,5032850891d4c4b30a586d62,Shop & Service,Credit Union,,,
758,2,Currency Exchange,5744ccdfe4b0c0459246b4be,Shop & Service,Currency Exchange,,,
759,2,Department Store,4bf58dd8d48988d1f6941735,Shop & Service,Department Store,,,
760,2,Design Studio,4bf58dd8d48988d1f4941735,Shop & Service,Design Studio,,,
761,2,Discount Store,52dea92d3cf9994f4e043dbb,Shop & Service,Discount Store,,,
762,2,Dive Shop,52f2ab2ebcbc57f1066b8b1a,Shop & Service,Dive Shop,,,
763,2,Drugstore,5745c2e4498e11e7bccabdbd,Shop & Service,Drugstore,,,
764,2,Dry Cleaner,52f2ab2ebcbc57f1066b8b1d,Shop & Service,Dry Cleaner,,,
765,2,EV Charging Station,5032872391d4c4b30a586d64,Shop & Service,EV Charging Station,,,
766,2,Electronics Store,4bf58dd8d48988d122951735,Shop & Service,Electronics Store,,,
767,2,Entertainment Service,56aa371be4b08b9a8d573554,Shop & Service,Entertainment Service,,,
768,2,Event Service,5454152e498ef71e2b9132c6,Shop & Service,Event Service,,,
769,2,Fabric Shop,52f2ab2ebcbc57f1066b8b26,Shop & Service,Fabric Shop,,,
770,2,Film Studio,56aa371be4b08b9a8d573523,Shop & Service,Film Studio,,,
771,2,Financial or Legal Service,503287a291d4c4b30a586d65,Shop & Service,Financial or Legal Service,,,
772,2,Fireworks Store,52f2ab2ebcbc57f1066b8b3a,Shop & Service,Fireworks Store,,,
773,2,Fishing Store,52f2ab2ebcbc57f1066b8b16,Shop & Service,Fishing Store,,,
774,2,Flea Market,4bf58dd8d48988d1f7941735,Shop & Service,Flea Market,,,
775,2,Floating Market,56aa371be4b08b9a8d573505,Shop & Service,Floating Market,,,
776,2,Flower Shop,4bf58dd8d48988d11b951735,Shop & Service,Flower Shop,,,
777,2,Food & Drink Shop,4bf58dd8d48988d1f9941735,Shop & Service,Food & Drink Shop,,,
778,3,Beer Store,5370f356bcbc57f1066c94c2,Shop & Service,Food & Drink Shop,Beer Store,,
779,3,Butcher,4bf58dd8d48988d11d951735,Shop & Service,Food & Drink Shop,Butcher,,
780,3,Cheese Shop,4bf58dd8d48988d11e951735,Shop & Service,Food & Drink Shop,Cheese Shop,,
781,3,Coffee Roaster,5e18993feee47d000759b256,Shop & Service,Food & Drink Shop,Coffee Roaster,,
782,3,Dairy Store,58daa1558bbb0b01f18ec1ca,Shop & Service,Food & Drink Shop,Dairy Store,,
783,3,Farmers Market,4bf58dd8d48988d1fa941735,Shop & Service,Food & Drink Shop,Farmers Market,,
784,3,Fish Market,4bf58dd8d48988d10e951735,Shop & Service,Food & Drink Shop,Fish Market,,
785,3,Food Service,56aa371be4b08b9a8d573550,Shop & Service,Food & Drink Shop,Food Service,,
786,3,Gourmet Shop,4bf58dd8d48988d1f5941735,Shop & Service,Food & Drink Shop,Gourmet Shop,,
787,3,Grocery Store,4bf58dd8d48988d118951735,Shop & Service,Food & Drink Shop,Grocery Store,,
788,3,Health Food Store,50aa9e744b90af0d42d5de0e,Shop & Service,Food & Drink Shop,Health Food Store,,
789,3,Kuruyemişçi,58daa1558bbb0b01f18ec1e8,Shop & Service,Food & Drink Shop,Kuruyemişçi,,
790,3,Liquor Store,4bf58dd8d48988d186941735,Shop & Service,Food & Drink Shop,Liquor Store,,
791,3,Organic Grocery,52f2ab2ebcbc57f1066b8b45,Shop & Service,Food & Drink Shop,Organic Grocery,,
792,3,Sausage Shop,56aa371be4b08b9a8d573564,Shop & Service,Food & Drink Shop,Sausage Shop,,
793,3,Street Food Gathering,53e0feef498e5aac066fd8a9,Shop & Service,Food & Drink Shop,Street Food Gathering,,
794,3,Supermarket,52f2ab2ebcbc57f1066b8b46,Shop & Service,Food & Drink Shop,Supermarket,,
795,3,Turşucu,58daa1558bbb0b01f18ec1e5,Shop & Service,Food & Drink Shop,Turşucu,,
796,3,Wine Shop,4bf58dd8d48988d119951735,Shop & Service,Food & Drink Shop,Wine Shop,,
797,2,Frame Store,52f2ab2ebcbc57f1066b8b24,Shop & Service,Frame Store,,,
798,2,Fruit & Vegetable Store,52f2ab2ebcbc57f1066b8b1c,Shop & Service,Fruit & Vegetable Store,,,
799,2,Furniture / Home Store,4bf58dd8d48988d1f8941735,Shop & Service,Furniture / Home Store,,,
800,3,Lighting Store,55888a5a498e782e3303b43a,Shop & Service,Furniture / Home Store,Lighting Store,,
801,2,Gaming Cafe,4bf58dd8d48988d18d941735,Shop & Service,Gaming Cafe,,,
802,2,Garden Center,4eb1c0253b7b52c0e1adc2e9,Shop & Service,Garden Center,,,
803,2,Gas Station,4bf58dd8d48988d113951735,Shop & Service,Gas Station,,,
804,2,Gift Shop,4bf58dd8d48988d128951735,Shop & Service,Gift Shop,,,
805,2,Gun Shop,52f2ab2ebcbc57f1066b8b19,Shop & Service,Gun Shop,,,
806,2,Hardware Store,4bf58dd8d48988d112951735,Shop & Service,Hardware Store,,,
807,2,Health & Beauty Service,54541900498ea6ccd0202697,Shop & Service,Health & Beauty Service,,,
808,2,Herbs & Spices Store,52f2ab2ebcbc57f1066b8b2c,Shop & Service,Herbs & Spices Store,,,
809,2,Hobby Shop,4bf58dd8d48988d1fb941735,Shop & Service,Hobby Shop,,,
810,2,Home Service,545419b1498ea6ccd0202f58,Shop & Service,Home Service,,,
811,2,Hunting Supply,50aaa5234b90af0d42d5de12,Shop & Service,Hunting Supply,,,
812,2,IT Services,52f2ab2ebcbc57f1066b8b36,Shop & Service,IT Services,,,
813,2,Insurance Office,58daa1558bbb0b01f18ec1f1,Shop & Service,Insurance Office,,,
814,2,Internet Cafe,4bf58dd8d48988d1f0941735,Shop & Service,Internet Cafe,,,
815,2,Jewelry Store,4bf58dd8d48988d111951735,Shop & Service,Jewelry Store,,,
816,2,Kitchen Supply Store,58daa1558bbb0b01f18ec1b4,Shop & Service,Kitchen Supply Store,,,
817,2,Knitting Store,52f2ab2ebcbc57f1066b8b25,Shop & Service,Knitting Store,,,
818,2,Laundromat,52f2ab2ebcbc57f1066b8b33,Shop & Service,Laundromat,,,
819,2,Laundry Service,4bf58dd8d48988d1fc941735,Shop & Service,Laundry Service,,,
820,2,Lawyer,52f2ab2ebcbc57f1066b8b3f,Shop & Service,Lawyer,,,
821,2,Leather Goods Store,52f2ab2ebcbc57f1066b8b2b,Shop & Service,Leather Goods Store,,,
822,2,Locksmith,52f2ab2ebcbc57f1066b8b1e,Shop & Service,Locksmith,,,
823,2,Lottery Retailer,52f2ab2ebcbc57f1066b8b38,Shop & Service,Lottery Retailer,,,
824,2,Luggage Store,52f2ab2ebcbc57f1066b8b29,Shop & Service,Luggage Store,,,
825,2,Marijuana Dispensary,52c71aaf3cf9994f4e043d17,Shop & Service,Marijuana Dispensary,,,
826,2,Market,50be8ee891d4fa8dcc7199a7,Shop & Service,Market,,,
827,2,Massage Studio,52f2ab2ebcbc57f1066b8b3c,Shop & Service,Massage Studio,,,
828,2,Mattress Store,52f2ab2ebcbc57f1066b8b27,Shop & Service,Mattress Store,,,
829,2,Medical Supply Store,58daa1558bbb0b01f18ec206,Shop & Service,Medical Supply Store,,,
830,2,Miscellaneous Shop,4bf58dd8d48988d1ff941735,Shop & Service,Miscellaneous Shop,,,
831,2,Mobile Phone Shop,4f04afc02fb6e1c99f3db0bc,Shop & Service,Mobile Phone Shop,,,
832,2,Mobility Store,56aa371be4b08b9a8d57354a,Shop & Service,Mobility Store,,,
833,2,Motorcycle Shop,5032833091d4c4b30a586d60,Shop & Service,Motorcycle Shop,,,
834,2,Motorsports Shop,59d79d6b2e268052fa2a3332,Shop & Service,Motorsports Shop,,,
835,2,Music Store,4bf58dd8d48988d1fe941735,Shop & Service,Music Store,,,
836,2,Nail Salon,4f04aa0c2fb6e1c99f3db0b8,Shop & Service,Nail Salon,,,
837,2,Newsstand,4f04ad622fb6e1c99f3db0b9,Shop & Service,Newsstand,,,
838,2,Notary,5ae95d208a6f17002ce792b2,Shop & Service,Notary,,,
839,2,Optical Shop,4d954afda243a5684865b473,Shop & Service,Optical Shop,,,
840,2,Other Repair Shop,52f2ab2ebcbc57f1066b8b2f,Shop & Service,Other Repair Shop,,,
841,2,Outdoor Supply Store,52f2ab2ebcbc57f1066b8b22,Shop & Service,Outdoor Supply Store,,,
842,2,Outlet Mall,5744ccdfe4b0c0459246b4df,Shop & Service,Outlet Mall,,,
843,2,Outlet Store,52f2ab2ebcbc57f1066b8b35,Shop & Service,Outlet Store,,,
844,2,Paper / Office Supplies Store,4bf58dd8d48988d121951735,Shop & Service,Paper / Office Supplies Store,,,
845,2,Pawn Shop,52f2ab2ebcbc57f1066b8b34,Shop & Service,Pawn Shop,,,
846,2,Perfume Shop,52f2ab2ebcbc57f1066b8b23,Shop & Service,Perfume Shop,,,
847,2,Pet Service,5032897c91d4c4b30a586d69,Shop & Service,Pet Service,,,
848,2,Pet Store,4bf58dd8d48988d100951735,Shop & Service,Pet Store,,,
849,2,Pharmacy,4bf58dd8d48988d10f951735,Shop & Service,Pharmacy,,,
850,2,Photography Lab,4eb1bdde3b7b55596b4a7490,Shop & Service,Photography Lab,,,
851,2,Photography Studio,554a5e17498efabeda6cc559,Shop & Service,Photography Studio,,,
852,2,Piercing Parlor,52f2ab2ebcbc57f1066b8b20,Shop & Service,Piercing Parlor,,,
853,2,Pop-Up Shop,52f2ab2ebcbc57f1066b8b3d,Shop & Service,Pop-Up Shop,,,
854,2,Print Shop,52f2ab2ebcbc57f1066b8b28,Shop & Service,Print Shop,,,
855,2,Public Bathroom,5744ccdfe4b0c0459246b4c4,Shop & Service,Public Bathroom,,,
856,2,Real Estate Office,5032885091d4c4b30a586d66,Shop & Service,Real Estate Office,,,
857,2,Record Shop,4bf58dd8d48988d10d951735,Shop & Service,Record Shop,,,
858,2,Recording Studio,52f2ab2ebcbc57f1066b8b37,Shop & Service,Recording Studio,,,
859,2,Recycling Facility,4f4531084b9074f6e4fb0101,Shop & Service,Recycling Facility,,,
860,2,Rental Service,56aa371be4b08b9a8d573552,Shop & Service,Rental Service,,,
861,2,Salon / Barbershop,4bf58dd8d48988d110951735,Shop & Service,Salon / Barbershop,,,
862,2,Sauna / Steam Room,58daa1558bbb0b01f18ec1ae,Shop & Service,Sauna / Steam Room,,,
863,2,Shipping Store,52f2ab2ebcbc57f1066b8b1f,Shop & Service,Shipping Store,,,
864,2,Shoe Repair,52f2ab2ebcbc57f1066b8b39,Shop & Service,Shoe Repair,,,
865,2,Shopping Mall,4bf58dd8d48988d1fd941735,Shop & Service,Shopping Mall,,,
866,2,Shopping Plaza,5744ccdfe4b0c0459246b4dc,Shop & Service,Shopping Plaza,,,
867,2,Skate Shop,5bae9231bedf3950379f89d2,Shop & Service,Skate Shop,,,
868,2,Ski Shop,56aa371be4b08b9a8d573566,Shop & Service,Ski Shop,,,
869,2,Smoke Shop,4bf58dd8d48988d123951735,Shop & Service,Smoke Shop,,,
870,2,Smoothie Shop,52f2ab2ebcbc57f1066b8b41,Shop & Service,Smoothie Shop,,,
871,2,Souvenir Shop,52f2ab2ebcbc57f1066b8b1b,Shop & Service,Souvenir Shop,,,
872,2,Spa,4bf58dd8d48988d1ed941735,Shop & Service,Spa,,,
873,2,Sporting Goods Shop,4bf58dd8d48988d1f2941735,Shop & Service,Sporting Goods Shop,,,
874,2,Stationery Store,52f2ab2ebcbc57f1066b8b21,Shop & Service,Stationery Store,,,
875,2,Storage Facility,4f04b1572fb6e1c99f3db0bf,Shop & Service,Storage Facility,,,
876,2,Supplement Shop,5744ccdfe4b0c0459246b4cd,Shop & Service,Supplement Shop,,,
877,2,Tailor Shop,5032781d91d4c4b30a586d5b,Shop & Service,Tailor Shop,,,
878,2,Tanning Salon,4d1cf8421a97d635ce361c31,Shop & Service,Tanning Salon,,,
879,2,Tattoo Parlor,4bf58dd8d48988d1de931735,Shop & Service,Tattoo Parlor,,,
880,2,Thrift / Vintage Store,4bf58dd8d48988d101951735,Shop & Service,Thrift / Vintage Store,,,
881,2,Toy / Game Store,4bf58dd8d48988d1f3941735,Shop & Service,Toy / Game Store,,,
882,2,Travel Agency,4f04b08c2fb6e1c99f3db0bd,Shop & Service,Travel Agency,,,
883,2,Used Bookstore,52f2ab2ebcbc57f1066b8b30,Shop & Service,Used Bookstore,,,
884,2,Vape Store,56aa371be4b08b9a8d57355c,Shop & Service,Vape Store,,,
885,2,Video Game Store,4bf58dd8d48988d10b951735,Shop & Service,Video Game Store,,,
886,2,Video Store,4bf58dd8d48988d126951735,Shop & Service,Video Store,,,
887,2,Warehouse Store,52e816a6bcbc57f1066b7a54,Shop & Service,Warehouse Store,,,
888,2,Watch Shop,52f2ab2ebcbc57f1066b8b2e,Shop & Service,Watch Shop,,,
889,1,Travel & Transport,4d4b7105d754a06379d81259,Travel & Transport,,,,
890,2,Airport,4bf58dd8d48988d1ed931735,Travel & Transport,Airport,,,
891,3,Airport Food Court,4bf58dd8d48988d1ef931735,Travel & Transport,Airport,Airport Food Court,,
892,3,Airport Gate,4bf58dd8d48988d1f0931735,Travel & Transport,Airport,Airport Gate,,
893,3,Airport Lounge,4eb1bc533b7b2c5b1d4306cb,Travel & Transport,Airport,Airport Lounge,,
894,3,Airport Service,56aa371be4b08b9a8d57352f,Travel & Transport,Airport,Airport Service,,
895,3,Airport Terminal,4bf58dd8d48988d1eb931735,Travel & Transport,Airport,Airport Terminal,,
896,3,Airport Tram,4bf58dd8d48988d1ec931735,Travel & Transport,Airport,Airport Tram,,
897,3,Baggage Claim,5744ccdfe4b0c0459246b4e5,Travel & Transport,Airport,Baggage Claim,,
898,3,Plane,4bf58dd8d48988d1f7931735,Travel & Transport,Airport,Plane,,
899,2,Baggage Locker,5744ccdfe4b0c0459246b4e8,Travel & Transport,Baggage Locker,,,
900,2,Bike Rental / Bike Share,4e4c9077bd41f78e849722f9,Travel & Transport,Bike Rental / Bike Share,,,
901,2,Boat Rental,5744ccdfe4b0c0459246b4c1,Travel & Transport,Boat Rental,,,
902,2,Boat or Ferry,4bf58dd8d48988d12d951735,Travel & Transport,Boat or Ferry,,,
903,2,Border Crossing,52f2ab2ebcbc57f1066b8b4b,Travel & Transport,Border Crossing,,,
904,2,Bus Station,4bf58dd8d48988d1fe931735,Travel & Transport,Bus Station,,,
905,3,Bus Line,4bf58dd8d48988d12b951735,Travel & Transport,Bus Station,Bus Line,,
906,2,Bus Stop,52f2ab2ebcbc57f1066b8b4f,Travel & Transport,Bus Stop,,,
907,2,Cable Car,52f2ab2ebcbc57f1066b8b50,Travel & Transport,Cable Car,,,
908,2,Cruise,55077a22498e5e9248869ba2,Travel & Transport,Cruise,,,
909,2,Duty-free Shop,589ddde98ae3635c072819ee,Travel & Transport,Duty-free Shop,,,
910,2,General Travel,4bf58dd8d48988d1f6931735,Travel & Transport,General Travel,,,
911,2,Heliport,56aa371ce4b08b9a8d57356e,Travel & Transport,Heliport,,,
912,2,Hotel,4bf58dd8d48988d1fa931735,Travel & Transport,Hotel,,,
913,3,Bed & Breakfast,4bf58dd8d48988d1f8931735,Travel & Transport,Hotel,Bed & Breakfast,,
914,3,Boarding House,4f4530a74b9074f6e4fb0100,Travel & Transport,Hotel,Boarding House,,
915,3,Hostel,4bf58dd8d48988d1ee931735,Travel & Transport,Hotel,Hostel,,
916,3,Hotel Pool,4bf58dd8d48988d132951735,Travel & Transport,Hotel,Hotel Pool,,
917,3,Inn,5bae9231bedf3950379f89cb,Travel & Transport,Hotel,Inn,,
918,3,Motel,4bf58dd8d48988d1fb931735,Travel & Transport,Hotel,Motel,,
919,3,Resort,4bf58dd8d48988d12f951735,Travel & Transport,Hotel,Resort,,
920,3,Vacation Rental,56aa371be4b08b9a8d5734e1,Travel & Transport,Hotel,Vacation Rental,,
921,2,Intersection,52f2ab2ebcbc57f1066b8b4c,Travel & Transport,Intersection,,,
922,2,Light Rail Station,4bf58dd8d48988d1fc931735,Travel & Transport,Light Rail Station,,,
923,2,Metro Station,4bf58dd8d48988d1fd931735,Travel & Transport,Metro Station,,,
924,2,Moving Target,4f2a23984b9023bd5841ed2c,Travel & Transport,Moving Target,,,
925,2,Pier,4e74f6cabd41c4836eac4c31,Travel & Transport,Pier,,,
926,2,Port,56aa371be4b08b9a8d57353e,Travel & Transport,Port,,,
927,2,RV Park,52f2ab2ebcbc57f1066b8b53,Travel & Transport,RV Park,,,
928,2,Rental Car Location,4bf58dd8d48988d1ef941735,Travel & Transport,Rental Car Location,,,
929,2,Rest Area,4d954b16a243a5684b65b473,Travel & Transport,Rest Area,,,
930,2,Road,4bf58dd8d48988d1f9931735,Travel & Transport,Road,,,
931,2,Taxi Stand,53fca564498e1a175f32528b,Travel & Transport,Taxi Stand,,,
932,2,Taxi,4bf58dd8d48988d130951735,Travel & Transport,Taxi,,,
933,2,Toll Booth,52f2ab2ebcbc57f1066b8b4d,Travel & Transport,Toll Booth,,,
934,2,Toll Plaza,52f2ab2ebcbc57f1066b8b4e,Travel & Transport,Toll Plaza,,,
935,2,Tourist Information Center,4f4530164b9074f6e4fb00ff,Travel & Transport,Tourist Information Center,,,
936,2,Train Station,4bf58dd8d48988d129951735,Travel & Transport,Train Station,,,
937,3,Platform,4f4531504b9074f6e4fb0102,Travel & Transport,Train Station,Platform,,
938,3,Train,4bf58dd8d48988d12a951735,Travel & Transport,Train Station,Train,,
939,2,Tram Station,52f2ab2ebcbc57f1066b8b51,Travel & Transport,Tram Station,,,
940,2,Transportation Service,54541b70498ea6ccd0204bff,Travel & Transport,Transportation Service,,,
941,2,Travel Lounge,4f04b25d2fb6e1c99f3db0c0,Travel & Transport,Travel Lounge,,,
942,2,Tunnel,52f2ab2ebcbc57f1066b8b4a,Travel & Transport,Tunnel,,,
